_1,_2,arlington_at_chicago_weed_street_otb,january
2011,3329857,"ARLINGTON AT CHICAGO, WEED STREET -OTB",JANUARY
2011,1467892,ARLINGTON AT HODGKINS - OTB,JANUARY
2011,1421410,ARLINGTON AT WAUKEGAN - OTB,JANUARY
2011,306946,ARLINGTON AT WAUKEGAN SUNDANCE SALOON-OTB,JANUARY
2011,942414,ARLINGTON PARK RACECOURSE - IT.,JANUARY
2011,3428912,"ARLINGTON PARK RACECOURSE, LLC.",JANUARY
2011,315065,BALMORAL AT CHAMPAIGN - OTB,JANUARY
2011,1914378,BALMORAL AT CRESTWOOD - OTB,JANUARY
2011,349083,BALMORAL AT NORMAL - OTB,JANUARY
2011,817015,"BALMORAL RACING CLUB, INC.",JANUARY
2011,660649,"BALMORAL RACING CLUB, INC. - IT.",JANUARY
2011,367739,FAIRMOUNT AT ALTON - OTB,JANUARY
2011,892269,FAIRMOUNT AT SAUGET - OTB,JANUARY
2011,446668,FAIRMOUNT AT SPRINGFIELD - OTB,JANUARY
2011,1751790,"FAIRMOUNT PARK, INC. - IT.",JANUARY
2011,565256,HAWTHORNE AT AURORA - OTB,JANUARY
2011,670965,HAWTHORNE AT BUFFALO GROVE - OTB,JANUARY
2011,2002340,"HAWTHORNE AT CHICAGO, CORLISS - OTB",JANUARY
2011,972315,HAWTHORNE AT JOLIET - OTB,JANUARY
2011,1053574,HAWTHORNE AT MOKENA - OTB,JANUARY
2011,90100,HAWTHORNE AT YORKVILLE - OTB,JANUARY
2011,3031934,"HAWTHORNE RACE COURSE, INC. - IT.",JANUARY
2011,676201,MAYWOOD AT ELK GROVE VILLAGE - OTB,JANUARY
2011,2010393,MAYWOOD AT NILES - OTB,JANUARY
2011,499585,MAYWOOD AT NORTH AURORA - OTB,JANUARY
2011,2239436,MAYWOOD AT OAKBROOK - OTB,JANUARY
2011,2594229,MAYWOOD PARK TROTTING ASSOCIATION -IT.,JANUARY
2011,624548,"MAYWOOD PARK TROTTING ASSOCIATION, INC.",JANUARY
2011,492975,QUAD CITY AT LOCKPORT - OTB,JANUARY
2011,622443,QUAD CITY AT MCHENRY - OTB,JANUARY
2011,720318,QUAD CITY AT ROCKFORD - OTB,JANUARY
2011,381063,QUAD CITY AT SOUTH BELOIT - OTB,JANUARY
2011,660136,QUAD CITY AT SOUTH ELGIN - OTB,JANUARY
2011,792955,"QUAD CITY DOWNS, INC. - IT.",JANUARY
2011,1554918,YOUBET ADW,JANUARY
2011,2835394,TWIN SPIRES ADW,JANUARY
2011,2899909,TVG ADW,JANUARY
2011,395323,XPRESSBET ADW,JANUARY
2011,3089495,"ARLINGTON AT CHICAGO, WEED STREET -OTB",FEBRUARY 
2011,1410758,ARLINGTON AT HODGKINS - OTB,FEBRUARY 
2011,1383054,ARLINGTON AT WAUKEGAN - OTB,FEBRUARY 
2011,408036,ARLINGTON AT WAUKEGAN SUNDANCE SALOON-OTB,FEBRUARY 
2011,3223858,ARLINGTON PARK RACECOURSE - IT.,FEBRUARY 
2011,881017,"ARLINGTON PARK RACECOURSE, LLC.",FEBRUARY 
2011,326367,BALMORAL AT CHAMPAIGN - OTB,FEBRUARY 
2011,2115139,BALMORAL AT CRESTWOOD - OTB,FEBRUARY 
2011,380031,BALMORAL AT NORMAL - OTB,FEBRUARY 
2011,757771,"BALMORAL RACING CLUB, INC.",FEBRUARY 
2011,651734,"BALMORAL RACING CLUB, INC. - IT.",FEBRUARY 
2011,428923,FAIRMOUNT AT ALTON - OTB,FEBRUARY 
2011,793347,FAIRMOUNT AT SAUGET - OTB,FEBRUARY 
2011,418054,FAIRMOUNT AT SPRINGFIELD - OTB,FEBRUARY 
2011,1963574,"FAIRMOUNT PARK, INC. - IT.",FEBRUARY 
2011,557724,HAWTHORNE AT AURORA - OTB,FEBRUARY 
2011,659147,HAWTHORNE AT BUFFALO GROVE - OTB,FEBRUARY 
2011,2038846,"HAWTHORNE AT CHICAGO, CORLISS - OTB",FEBRUARY 
2011,974889,HAWTHORNE AT JOLIET - OTB,FEBRUARY 
2011,1021707,HAWTHORNE AT MOKENA - OTB,FEBRUARY 
2011,104670,HAWTHORNE AT YORKVILLE - OTB,FEBRUARY 
2011,2535191,"HAWTHORNE RACE COURSE, INC.",FEBRUARY 
2011,1384714,"HAWTHORNE RACE COURSE, INC. - IT.",FEBRUARY 
2011,663587,MAYWOOD AT ELK GROVE VILLAGE - OTB,FEBRUARY 
2011,1946792,MAYWOOD AT NILES - OTB,FEBRUARY 
2011,592160,MAYWOOD AT NORTH AURORA - OTB,FEBRUARY 
2011,2240628,MAYWOOD AT OAKBROOK - OTB,FEBRUARY 
2011,2495092,MAYWOOD PARK TROTTING ASSOCIATION -IT.,FEBRUARY 
2011,647009,"MAYWOOD PARK TROTTING ASSOCIATION, INC.",FEBRUARY 
2011,533903,QUAD CITY AT LOCKPORT - OTB,FEBRUARY 
2011,637073,QUAD CITY AT MCHENRY - OTB,FEBRUARY 
2011,759962,QUAD CITY AT ROCKFORD - OTB,FEBRUARY 
2011,414484,QUAD CITY AT SOUTH BELOIT - OTB,FEBRUARY 
2011,614866,QUAD CITY AT SOUTH ELGIN - OTB,FEBRUARY 
2011,724236,"QUAD CITY DOWNS, INC. - IT.",FEBRUARY 
2011,1487008,YOUBET ADW,FEBRUARY 
2011,2889566,TWIN SPIRES ADW,FEBRUARY 
2011,2847301,TVG ADW,FEBRUARY 
2011,514458,XPRESSBET ADW,FEBRUARY 
2011,3833393,"ARLINGTON AT CHICAGO, WEED STREET -OTB",MARCH
2011,1714482,ARLINGTON AT HODGKINS - OTB,MARCH
2011,1671302,ARLINGTON AT WAUKEGAN - OTB,MARCH
2011,338521,ARLINGTON AT WAUKEGAN SUNDANCE SALOON-OTB,MARCH
2011,5139712,ARLINGTON PARK RACECOURSE - IT.,MARCH
2011,420026,BALMORAL AT CHAMPAIGN - OTB,MARCH
2011,2639582,BALMORAL AT CRESTWOOD - OTB,MARCH
2011,462853,BALMORAL AT NORMAL - OTB,MARCH
2011,967334,"BALMORAL RACING CLUB, INC.",MARCH
2011,782894,"BALMORAL RACING CLUB, INC. - IT.",MARCH
2011,483107,FAIRMOUNT AT ALTON - OTB,MARCH
2011,965928,FAIRMOUNT AT SAUGET - OTB,MARCH
2011,460346,FAIRMOUNT AT SPRINGFIELD - OTB,MARCH
2011,503884,"FAIRMOUNT PARK, INC.",MARCH
2011,2118120,"FAIRMOUNT PARK, INC. - IT.",MARCH
2011,670181,HAWTHORNE AT AURORA - OTB,MARCH
2011,804560,HAWTHORNE AT BUFFALO GROVE - OTB,MARCH
2011,2516166,"HAWTHORNE AT CHICAGO, CORLISS - OTB",MARCH
2011,1162791,HAWTHORNE AT JOLIET - OTB,MARCH
2011,988364,HAWTHORNE AT MOKENA - OTB,MARCH
2011,168624,HAWTHORNE AT YORKVILLE - OTB,MARCH
2011,4479497,"HAWTHORNE RACE COURSE, INC.",MARCH
2011,973465,"HAWTHORNE RACE COURSE, INC. - IT.",MARCH
2011,733659,MAYWOOD AT ELK GROVE VILLAGE - OTB,MARCH
2011,2397289,MAYWOOD AT NILES - OTB,MARCH
2011,528029,MAYWOOD AT NORTH AURORA - OTB,MARCH
2011,2511320,MAYWOOD AT OAKBROOK - OTB,MARCH
2011,3033870,MAYWOOD PARK TROTTING ASSOCIATION -IT.,MARCH
2011,827340,"MAYWOOD PARK TROTTING ASSOCIATION, INC.",MARCH
2011,536696,QUAD CITY AT LOCKPORT - OTB,MARCH
2011,751607,QUAD CITY AT MCHENRY - OTB,MARCH
2011,881523,QUAD CITY AT ROCKFORD - OTB,MARCH
2011,442198,QUAD CITY AT SOUTH BELOIT - OTB,MARCH
2011,785094,QUAD CITY AT SOUTH ELGIN - OTB,MARCH
2011,732238,"QUAD CITY DOWNS, INC. - IT.",MARCH
2011,1804058,YOUBET ADW,MARCH
2011,3181900,TWIN SPIRES ADW,MARCH
2011,3194953,TVG ADW,MARCH
2011,777170,XPRESSBET ADW,MARCH
2011,3936329,"ARLINGTON AT CHICAGO, WEED STREET -OTB",APRIL 
2011,1801126,ARLINGTON AT HODGKINS - OTB,APRIL 
2011,1820185,ARLINGTON AT WAUKEGAN - OTB,APRIL 
2011,604476,ARLINGTON AT WAUKEGAN SUNDANCE SALOON-OTB,APRIL 
2011,5502607,ARLINGTON PARK RACECOURSE - IT.,APRIL 
2011,415198,BALMORAL AT CHAMPAIGN - OTB,APRIL 
2011,2452714,BALMORAL AT CRESTWOOD - OTB,APRIL 
2011,440250,BALMORAL AT NORMAL - OTB,APRIL 
2011,913074,"BALMORAL RACING CLUB, INC.",APRIL 
2011,705192,"BALMORAL RACING CLUB, INC. - IT.",APRIL 
2011,482189,FAIRMOUNT AT ALTON - OTB,APRIL 
2011,1042652,FAIRMOUNT AT SAUGET - OTB,APRIL 
2011,532861,FAIRMOUNT AT SPRINGFIELD - OTB,APRIL 
2011,1017164,"FAIRMOUNT PARK, INC.",APRIL 
2011,2435345,"FAIRMOUNT PARK, INC. - IT.",APRIL 
2011,629555,HAWTHORNE AT AURORA - OTB,APRIL 
2011,654235,HAWTHORNE AT BUFFALO GROVE - OTB,APRIL 
2011,2409791,"HAWTHORNE AT CHICAGO, CORLISS - OTB",APRIL 
2011,1217487,HAWTHORNE AT JOLIET - OTB,APRIL 
2011,1127259,HAWTHORNE AT MOKENA - OTB,APRIL 
2011,161950,HAWTHORNE AT YORKVILLE - OTB,APRIL 
2011,5191028,"HAWTHORNE RACE COURSE, INC.",APRIL 
2011,1069921,"HAWTHORNE RACE COURSE, INC. - IT.",APRIL 
2011,677660,MAYWOOD AT ELK GROVE VILLAGE - OTB,APRIL 
2011,2547937,MAYWOOD AT NILES - OTB,APRIL 
2011,549557,MAYWOOD AT NORTH AURORA - OTB,APRIL 
2011,2533768,MAYWOOD AT OAKBROOK - OTB,APRIL 
2011,3065446,MAYWOOD PARK TROTTING ASSOCIATION -IT.,APRIL 
2011,839799,"MAYWOOD PARK TROTTING ASSOCIATION, INC.",APRIL 
2011,564736,QUAD CITY AT LOCKPORT - OTB,APRIL 
2011,795303,QUAD CITY AT MCHENRY - OTB,APRIL 
2011,807536,QUAD CITY AT ROCKFORD - OTB,APRIL 
2011,473373,QUAD CITY AT SOUTH BELOIT - OTB,APRIL 
2011,731687,QUAD CITY AT SOUTH ELGIN - OTB,APRIL 
2011,828923,"QUAD CITY DOWNS, INC. - IT.",APRIL 
2011,2076373,YOUBET ADW,APRIL 
2011,3524280,TWIN SPIRES ADW,APRIL 
2011,3227829,TVG ADW,APRIL 
2011,787018,XPRESSBET ADW,APRIL 
2011,4526227,"ARLINGTON AT CHICAGO, WEED STREET -OTB",MAY 
2011,1901464,ARLINGTON AT HODGKINS - OTB,MAY 
2011,2034092,ARLINGTON AT WAUKEGAN - OTB,MAY 
2011,552321,ARLINGTON AT WAUKEGAN SUNDANCE SALOON-OTB,MAY 
2011,1384151,ARLINGTON PARK RACECOURSE - IT.,MAY 
2011,12566569,"ARLINGTON PARK RACECOURSE, LLC.",MAY 
2011,636286,BALMORAL AT CHAMPAIGN - OTB,MAY 
2011,3045820,BALMORAL AT CRESTWOOD - OTB,MAY 
2011,599563,BALMORAL AT NORMAL - OTB,MAY 
2011,941633,"BALMORAL RACING CLUB, INC.",MAY 
2011,937495,"BALMORAL RACING CLUB, INC. - IT.",MAY 
2011,580468,FAIRMOUNT AT ALTON - OTB,MAY 
2011,1147836,FAIRMOUNT AT SAUGET - OTB,MAY 
2011,775104,FAIRMOUNT AT SPRINGFIELD - OTB,MAY 
2011,1641089,"FAIRMOUNT PARK, INC.",MAY 
2011,3235662,"FAIRMOUNT PARK, INC. - IT.",MAY 
2011,789603,HAWTHORNE AT AURORA - OTB,MAY 
2011,816558,HAWTHORNE AT BUFFALO GROVE - OTB,MAY 
2011,2389351,"HAWTHORNE AT CHICAGO, CORLISS - OTB",MAY 
2011,1434385,HAWTHORNE AT JOLIET - OTB,MAY 
2011,1353862,HAWTHORNE AT MOKENA - OTB,MAY 
2011,217309,HAWTHORNE AT YORKVILLE - OTB,MAY 
2011,2391,"HAWTHORNE RACE COURSE, INC.",MAY 
2011,3829125,"HAWTHORNE RACE COURSE, INC. - IT.",MAY 
2011,754916,MAYWOOD AT ELK GROVE VILLAGE - OTB,MAY 
2011,2707054,MAYWOOD AT NILES - OTB,MAY 
2011,636353,MAYWOOD AT NORTH AURORA - OTB,MAY 
2011,3256557,MAYWOOD AT OAKBROOK - OTB,MAY 
2011,3487335,MAYWOOD PARK TROTTING ASSOCIATION -IT.,MAY 
2011,731355,"MAYWOOD PARK TROTTING ASSOCIATION, INC.",MAY 
2011,613962,QUAD CITY AT LOCKPORT - OTB,MAY 
2011,847961,QUAD CITY AT MCHENRY - OTB,MAY 
2011,1102055,QUAD CITY AT ROCKFORD - OTB,MAY 
2011,581019,QUAD CITY AT SOUTH BELOIT - OTB,MAY 
2011,754311,QUAD CITY AT SOUTH ELGIN - OTB,MAY 
2011,962977,"QUAD CITY DOWNS, INC. - IT.",MAY 
2011,2804049,YOUBET ADW,MAY 
2011,4625604,TWIN SPIRES ADW,MAY 
2011,3722651,TVG ADW,MAY 
2011,1060572,XPRESSBET ADW,MAY 
2011,3601420,"ARLINGTON AT CHICAGO, WEED STREET -OTB",JUNE 
2011,1496605,ARLINGTON AT HODGKINS - OTB,JUNE 
2011,1550716,ARLINGTON AT WAUKEGAN - OTB,JUNE 
2011,539093,ARLINGTON AT WAUKEGAN SUNDANCE SALOON-OTB,JUNE 
2011,1325499,ARLINGTON PARK RACECOURSE - IT.,JUNE 
2011,11347624,"ARLINGTON PARK RACECOURSE, LLC.",JUNE 
2011,350938,BALMORAL AT CHAMPAIGN - OTB,JUNE 
2011,2166623,BALMORAL AT CRESTWOOD - OTB,JUNE 
2011,404964,BALMORAL AT NORMAL - OTB,JUNE 
2011,949952,"BALMORAL RACING CLUB, INC.",JUNE 
2011,690401,"BALMORAL RACING CLUB, INC. - IT.",JUNE 
2011,441761,FAIRMOUNT AT ALTON - OTB,JUNE 
2011,930387,FAIRMOUNT AT SAUGET - OTB,JUNE 
2011,504627,FAIRMOUNT AT SPRINGFIELD - OTB,JUNE 
2011,1399239,"FAIRMOUNT PARK, INC.",JUNE 
2011,2234419,"FAIRMOUNT PARK, INC. - IT.",JUNE 
2011,624995,HAWTHORNE AT AURORA - OTB,JUNE 
2011,600551,HAWTHORNE AT BUFFALO GROVE - OTB,JUNE 
2011,2119471,"HAWTHORNE AT CHICAGO, CORLISS - OTB",JUNE 
2011,1081262,HAWTHORNE AT JOLIET - OTB,JUNE 
2011,1012364,HAWTHORNE AT MOKENA - OTB,JUNE 
2011,181097,HAWTHORNE AT YORKVILLE - OTB,JUNE 
2011,3302128,"HAWTHORNE RACE COURSE, INC. - IT.",JUNE 
2011,642296,MAYWOOD AT ELK GROVE VILLAGE - OTB,JUNE 
2011,2193765,MAYWOOD AT NILES - OTB,JUNE 
2011,520039,MAYWOOD AT NORTH AURORA - OTB,JUNE 
2011,2408240,MAYWOOD AT OAKBROOK - OTB,JUNE 
2011,2819615,MAYWOOD PARK TROTTING ASSOCIATION -IT.,JUNE 
2011,854705,"MAYWOOD PARK TROTTING ASSOCIATION, INC.",JUNE 
2011,507624,QUAD CITY AT LOCKPORT - OTB,JUNE 
2011,686837,QUAD CITY AT MCHENRY - OTB,JUNE 
2011,829791,QUAD CITY AT ROCKFORD - OTB,JUNE 
2011,460606,QUAD CITY AT SOUTH BELOIT - OTB,JUNE 
2011,666128,QUAD CITY AT SOUTH ELGIN - OTB,JUNE 
2011,735396,"QUAD CITY DOWNS, INC. - IT.",JUNE 
2011,1850097,YOUBET ADW,JUNE 
2011,3587692,TWIN SPIRES ADW,JUNE 
2011,2895344,TVG ADW,JUNE 
2011,862326,XPRESSBET ADW,JUNE 
2011,3767076,"ARLINGTON AT CHICAGO, WEED STREET -OTB",JULY 
2011,1490797,ARLINGTON AT HODGKINS - OTB,JULY 
2011,532929,ARLINGTON AT VILLA PARK,JULY 
2011,1514652,ARLINGTON AT WAUKEGAN - OTB,JULY 
2011,671661,ARLINGTON AT WAUKEGAN SUNDANCE SALOON-OTB,JULY 
2011,1492650,ARLINGTON PARK RACECOURSE - IT.,JULY 
2011,13324109,"ARLINGTON PARK RACECOURSE, LLC.",JULY 
2011,347938,BALMORAL AT CHAMPAIGN - OTB,JULY 
2011,2089942,BALMORAL AT CRESTWOOD - OTB,JULY 
2011,392498,BALMORAL AT NORMAL - OTB,JULY 
2011,1183743,"BALMORAL RACING CLUB, INC.",JULY 
2011,674866,"BALMORAL RACING CLUB, INC. - IT.",JULY 
2011,387617,FAIRMOUNT AT ALTON - OTB,JULY 
2011,836196,FAIRMOUNT AT SAUGET - OTB,JULY 
2011,515782,FAIRMOUNT AT SPRINGFIELD - OTB,JULY 
2011,1425685,"FAIRMOUNT PARK, INC.",JULY 
2011,2387321,"FAIRMOUNT PARK, INC. - IT.",JULY 
2011,607322,HAWTHORNE AT AURORA - OTB,JULY 
2011,796787,HAWTHORNE AT BUFFALO GROVE - OTB,JULY 
2011,2298483,"HAWTHORNE AT CHICAGO, CORLISS - OTB",JULY 
2011,1100752,HAWTHORNE AT JOLIET - OTB,JULY 
2011,1016922,HAWTHORNE AT MOKENA - OTB,JULY 
2011,217654,HAWTHORNE AT YORKVILLE - OTB,JULY 
2011,3486883,"HAWTHORNE RACE COURSE, INC. - IT.",JULY 
2011,642362,MAYWOOD AT ELK GROVE VILLAGE - OTB,JULY 
2011,2228285,MAYWOOD AT NILES - OTB,JULY 
2011,448919,MAYWOOD AT NORTH AURORA - OTB,JULY 
2011,2285960,MAYWOOD AT OAKBROOK - OTB,JULY 
2011,2645531,MAYWOOD PARK TROTTING ASSOCIATION -IT.,JULY 
2011,849381,"MAYWOOD PARK TROTTING ASSOCIATION, INC.",JULY 
2011,529764,QUAD CITY AT LOCKPORT - OTB,JULY 
2011,672785,QUAD CITY AT MCHENRY - OTB,JULY 
2011,794405,QUAD CITY AT ROCKFORD - OTB,JULY 
2011,424379,QUAD CITY AT SOUTH BELOIT - OTB,JULY 
2011,669558,QUAD CITY AT SOUTH ELGIN - OTB,JULY 
2011,767684,"QUAD CITY DOWNS, INC. - IT.",JULY 
2011,1918820,YOUBET ADW,JULY 
2011,4028538,TWIN SPIRES ADW,JULY 
2011,3066476,TVG ADW,JULY 
2011,1341,BETZOTIC ADW,JULY 
2011,1003332,XPRESSBET ADW,JULY 
2011,3424285,"ARLINGTON AT CHICAGO, WEED STREET -OTB",AUGUST 
2011,1416422,ARLINGTON AT HODGKINS - OTB,AUGUST 
2011,1179500,ARLINGTON AT VILLA PARK,AUGUST 
2011,1474075,ARLINGTON AT WAUKEGAN - OTB,AUGUST 
2011,588179,ARLINGTON AT WAUKEGAN SUNDANCE SALOON-OTB,AUGUST 
2011,1420848,ARLINGTON PARK RACECOURSE - IT.,AUGUST 
2011,13377101,"ARLINGTON PARK RACECOURSE, LLC.",AUGUST 
2011,324305,BALMORAL AT CHAMPAIGN - OTB,AUGUST 
2011,2117256,BALMORAL AT CRESTWOOD - OTB,AUGUST 
2011,376083,BALMORAL AT NORMAL - OTB,AUGUST 
2011,977663,"BALMORAL RACING CLUB, INC.",AUGUST 
2011,636538,"BALMORAL RACING CLUB, INC. - IT.",AUGUST 
2011,16544,"BROWN COUNTY FAIR, MT. STERLING",AUGUST 
2011,110042,DEPT OF AGRICULTURE - DUQUOIN STATE FAIR,AUGUST 
2011,400590,DPT AGRICULTURE - SPRINGFIELD STATE FAIR,AUGUST 
2011,381220,FAIRMOUNT AT ALTON - OTB,AUGUST 
2011,757339,FAIRMOUNT AT SAUGET - OTB,AUGUST 
2011,433364,FAIRMOUNT AT SPRINGFIELD - OTB,AUGUST 
2011,1322264,"FAIRMOUNT PARK, INC.",AUGUST 
2011,2115525,"FAIRMOUNT PARK, INC. - IT.",AUGUST 
2011,537750,HAWTHORNE AT AURORA - OTB,AUGUST 
2011,590522,HAWTHORNE AT BUFFALO GROVE - OTB,AUGUST 
2011,2120947,"HAWTHORNE AT CHICAGO, CORLISS - OTB",AUGUST 
2011,973629,HAWTHORNE AT JOLIET - OTB,AUGUST 
2011,1004939,HAWTHORNE AT MOKENA - OTB,AUGUST 
2011,227055,HAWTHORNE AT YORKVILLE - OTB,AUGUST 
2011,3069956,"HAWTHORNE RACE COURSE, INC. - IT.",AUGUST 
2011,606682,MAYWOOD AT ELK GROVE VILLAGE - OTB,AUGUST 
2011,1982718,MAYWOOD AT NILES - OTB,AUGUST 
2011,449755,MAYWOOD AT NORTH AURORA - OTB,AUGUST 
2011,2016867,MAYWOOD AT OAKBROOK - OTB,AUGUST 
2011,2821378,MAYWOOD PARK TROTTING ASSOCIATION -IT.,AUGUST 
2011,725690,"MAYWOOD PARK TROTTING ASSOCIATION, INC.",AUGUST 
2011,511166,QUAD CITY AT LOCKPORT - OTB,AUGUST 
2011,685079,QUAD CITY AT MCHENRY - OTB,AUGUST 
2011,821313,QUAD CITY AT ROCKFORD - OTB,AUGUST 
2011,420233,QUAD CITY AT SOUTH BELOIT - OTB,AUGUST 
2011,676929,QUAD CITY AT SOUTH ELGIN - OTB,AUGUST 
2011,715990,"QUAD CITY DOWNS, INC. - IT.",AUGUST 
2011,1635284,YOUBET ADW,AUGUST 
2011,3903281,TWIN SPIRES ADW,AUGUST 
2011,3155210,TVG ADW,AUGUST 
2011,21887,BETZOTIC ADW,AUGUST 
2011,868594,XPRESSBET ADW,AUGUST 
2011,3212251,"ARLINGTON AT CHICAGO, WEED STREET -OTB",SEPTEMBER 
2011,1218062,ARLINGTON AT HODGKINS - OTB,SEPTEMBER 
2011,1001558,ARLINGTON AT VILLA PARK,SEPTEMBER 
2011,1502984,ARLINGTON AT WAUKEGAN - OTB,SEPTEMBER 
2011,331601,ARLINGTON AT WAUKEGAN SUNDANCE SALOON-OTB,SEPTEMBER 
2011,1087262,ARLINGTON PARK RACECOURSE - IT.,SEPTEMBER 
2011,9654025,"ARLINGTON PARK RACECOURSE, LLC.",SEPTEMBER 
2011,297464,BALMORAL AT CHAMPAIGN - OTB,SEPTEMBER 
2011,2098851,BALMORAL AT CRESTWOOD - OTB,SEPTEMBER 
2011,312280,BALMORAL AT NORMAL - OTB,SEPTEMBER 
2011,1020621,"BALMORAL RACING CLUB, INC.",SEPTEMBER 
2011,607753,"BALMORAL RACING CLUB, INC. - IT.",SEPTEMBER 
2011,370157,FAIRMOUNT AT ALTON - OTB,SEPTEMBER 
2011,776508,FAIRMOUNT AT SAUGET - OTB,SEPTEMBER 
2011,379088,FAIRMOUNT AT SPRINGFIELD - OTB,SEPTEMBER 
2011,404594,"FAIRMOUNT PARK, INC.",SEPTEMBER 
2011,1911247,"FAIRMOUNT PARK, INC. - IT.",SEPTEMBER 
2011,484712,HAWTHORNE AT AURORA - OTB,SEPTEMBER 
2011,392321,HAWTHORNE AT BUFFALO GROVE - OTB,SEPTEMBER 
2011,1997146,"HAWTHORNE AT CHICAGO, CORLISS - OTB",SEPTEMBER 
2011,895330,HAWTHORNE AT JOLIET - OTB,SEPTEMBER 
2011,968441,HAWTHORNE AT MOKENA - OTB,SEPTEMBER 
2011,170598,HAWTHORNE AT YORKVILLE - OTB,SEPTEMBER 
2011,2954113,"HAWTHORNE RACE COURSE, INC. - IT.",SEPTEMBER 
2011,524338,MAYWOOD AT ELK GROVE VILLAGE - OTB,SEPTEMBER 
2011,1931352,MAYWOOD AT NILES - OTB,SEPTEMBER 
2011,490963,MAYWOOD AT NORTH AURORA - OTB,SEPTEMBER 
2011,1727129,MAYWOOD AT OAKBROOK - OTB,SEPTEMBER 
2011,2396502,MAYWOOD PARK TROTTING ASSOCIATION -IT.,SEPTEMBER 
2011,912676,"MAYWOOD PARK TROTTING ASSOCIATION, INC.",SEPTEMBER 
2011,402964,QUAD CITY AT LOCKPORT - OTB,SEPTEMBER 
2011,699658,QUAD CITY AT MCHENRY - OTB,SEPTEMBER 
2011,757959,QUAD CITY AT ROCKFORD - OTB,SEPTEMBER 
2011,373371,QUAD CITY AT SOUTH BELOIT - OTB,SEPTEMBER 
2011,600945,QUAD CITY AT SOUTH ELGIN - OTB,SEPTEMBER 
2011,679036,"QUAD CITY DOWNS, INC. - IT.",SEPTEMBER 
2011,1544050,YOUBET ADW,SEPTEMBER 
2011,3189367,TWIN SPIRES ADW,SEPTEMBER 
2011,2632487,TVG ADW,SEPTEMBER 
2011,80468,BETZOTIC ADW,SEPTEMBER 
2011,710521,XPRESSBET ADW,SEPTEMBER 
2011,3067332,"ARLINGTON AT CHICAGO, WEED STREET -OTB",OCTOBER 
2011,1470874,ARLINGTON AT HODGKINS - OTB,OCTOBER 
2011,934657,ARLINGTON AT VILLA PARK,OCTOBER 
2011,1887978,ARLINGTON AT WAUKEGAN - OTB,OCTOBER 
2011,4584836,ARLINGTON PARK RACECOURSE - IT.,OCTOBER 
2011,376481,BALMORAL AT CHAMPAIGN - OTB,OCTOBER 
2011,2113779,BALMORAL AT CRESTWOOD - OTB,OCTOBER 
2011,319891,BALMORAL AT NORMAL - OTB,OCTOBER 
2011,989047,"BALMORAL RACING CLUB, INC.",OCTOBER 
2011,706063,"BALMORAL RACING CLUB, INC. - IT.",OCTOBER 
2011,376173,FAIRMOUNT AT ALTON - OTB,OCTOBER 
2011,776875,FAIRMOUNT AT SAUGET - OTB,OCTOBER 
2011,356934,FAIRMOUNT AT SPRINGFIELD - OTB,OCTOBER 
2011,2106268,"FAIRMOUNT PARK, INC. - IT.",OCTOBER 
2011,546278,HAWTHORNE AT AURORA - OTB,OCTOBER 
2011,350073,HAWTHORNE AT BUFFALO GROVE - OTB,OCTOBER 
2011,1982198,"HAWTHORNE AT CHICAGO, CORLISS - OTB",OCTOBER 
2011,854863,HAWTHORNE AT JOLIET - OTB,OCTOBER 
2011,1055528,HAWTHORNE AT MOKENA - OTB,OCTOBER 
2011,165544,HAWTHORNE AT YORKVILLE - OTB,OCTOBER 
2011,4906201,"HAWTHORNE RACE COURSE, INC.",OCTOBER 
2011,874419,"HAWTHORNE RACE COURSE, INC. - IT.",OCTOBER 
2011,553508,MAYWOOD AT ELK GROVE VILLAGE - OTB,OCTOBER 
2011,2084318,MAYWOOD AT NILES - OTB,OCTOBER 
2011,485587,MAYWOOD AT NORTH AURORA - OTB,OCTOBER 
2011,1947987,MAYWOOD AT OAKBROOK - OTB,OCTOBER 
2011,2510968,MAYWOOD PARK TROTTING ASSOCIATION -IT.,OCTOBER 
2011,676923,"MAYWOOD PARK TROTTING ASSOCIATION, INC.",OCTOBER 
2011,432155,QUAD CITY AT LOCKPORT - OTB,OCTOBER 
2011,856006,QUAD CITY AT MCHENRY - OTB,OCTOBER 
2011,707662,QUAD CITY AT ROCKFORD - OTB,OCTOBER 
2011,385622,QUAD CITY AT SOUTH BELOIT - OTB,OCTOBER 
2011,654162,QUAD CITY AT SOUTH ELGIN - OTB,OCTOBER 
2011,550538,"QUAD CITY DOWNS, INC. - IT.",OCTOBER 
2011,1668673,YOUBET ADW,OCTOBER 
2011,3544857,TWIN SPIRES ADW,OCTOBER 
2011,2705548,TVG ADW,OCTOBER 
2011,81075,BETZOTIC ADW,OCTOBER 
2011,837334,XPRESSBET ADW,OCTOBER 
2011,3256944,"ARLINGTON AT CHICAGO, WEED STREET -OTB",NOVEMBER 
2011,1431402,ARLINGTON AT HODGKINS - OTB,NOVEMBER 
2011,939181,ARLINGTON AT VILLA PARK,NOVEMBER 
2011,1834470,ARLINGTON AT WAUKEGAN - OTB,NOVEMBER 
2011,4828406,ARLINGTON PARK RACECOURSE - IT.,NOVEMBER 
2011,360772,BALMORAL AT CHAMPAIGN - OTB,NOVEMBER 
2011,2075426,BALMORAL AT CRESTWOOD - OTB,NOVEMBER 
2011,354378,BALMORAL AT NORMAL - OTB,NOVEMBER 
2011,985097,"BALMORAL RACING CLUB, INC.",NOVEMBER 
2011,705981,"BALMORAL RACING CLUB, INC. - IT.",NOVEMBER 
2011,425710,FAIRMOUNT AT ALTON - OTB,NOVEMBER 
2011,735208,FAIRMOUNT AT SAUGET - OTB,NOVEMBER 
2011,451209,FAIRMOUNT AT SPRINGFIELD - OTB,NOVEMBER 
2011,2521543,"FAIRMOUNT PARK, INC. - IT.",NOVEMBER 
2011,609472,HAWTHORNE AT AURORA - OTB,NOVEMBER 
2011,495202,HAWTHORNE AT BUFFALO GROVE - OTB,NOVEMBER 
2011,1926637,"HAWTHORNE AT CHICAGO, CORLISS - OTB",NOVEMBER 
2011,1010037,HAWTHORNE AT JOLIET - OTB,NOVEMBER 
2011,1056949,HAWTHORNE AT MOKENA - OTB,NOVEMBER 
2011,167191,HAWTHORNE AT YORKVILLE - OTB,NOVEMBER 
2011,4753297,"HAWTHORNE RACE COURSE, INC.",NOVEMBER 
2011,836775,"HAWTHORNE RACE COURSE, INC. - IT.",NOVEMBER 
2011,597574,MAYWOOD AT ELK GROVE VILLAGE - OTB,NOVEMBER 
2011,2153952,MAYWOOD AT NILES - OTB,NOVEMBER 
2011,530241,MAYWOOD AT NORTH AURORA - OTB,NOVEMBER 
2011,1872747,MAYWOOD AT OAKBROOK - OTB,NOVEMBER 
2011,2570058,MAYWOOD PARK TROTTING ASSOCIATION -IT.,NOVEMBER 
2011,711645,"MAYWOOD PARK TROTTING ASSOCIATION, INC.",NOVEMBER 
2011,537465,QUAD CITY AT LOCKPORT - OTB,NOVEMBER 
2011,807329,QUAD CITY AT MCHENRY - OTB,NOVEMBER 
2011,838902,QUAD CITY AT ROCKFORD - OTB,NOVEMBER 
2011,398815,QUAD CITY AT SOUTH BELOIT - OTB,NOVEMBER 
2011,623735,QUAD CITY AT SOUTH ELGIN - OTB,NOVEMBER 
2011,648644,"QUAD CITY DOWNS, INC. - IT.",NOVEMBER 
2011,1495566,YOUBET ADW,NOVEMBER 
2011,3565199,TWIN SPIRES ADW,NOVEMBER 
2011,2820211,TVG ADW,NOVEMBER 
2011,119114,BETZOTIC ADW,NOVEMBER 
2011,1042853,XPRESSBET ADW,NOVEMBER 
2011,3168541,"ARLINGTON AT CHICAGO, WEED STREET -OTB",DECEMBER 
2011,1497122,ARLINGTON AT HODGKINS - OTB,DECEMBER 
2011,892720,ARLINGTON AT VILLA PARK,DECEMBER 
2011,1420344,ARLINGTON AT WAUKEGAN - OTB,DECEMBER 
2011,4485519,ARLINGTON PARK RACECOURSE - IT.,DECEMBER 
2011,358138,BALMORAL AT CHAMPAIGN - OTB,DECEMBER 
2011,2138471,BALMORAL AT CRESTWOOD - OTB,DECEMBER 
2011,316360,BALMORAL AT NORMAL - OTB,DECEMBER 
2011,735769,"BALMORAL RACING CLUB, INC.",DECEMBER 
2011,778195,"BALMORAL RACING CLUB, INC. - IT.",DECEMBER 
2011,336830,FAIRMOUNT AT ALTON - OTB,DECEMBER 
2011,726803,FAIRMOUNT AT SAUGET - OTB,DECEMBER 
2011,485946,FAIRMOUNT AT SPRINGFIELD - OTB,DECEMBER 
2011,2242372,"FAIRMOUNT PARK, INC. - IT.",DECEMBER 
2011,624919,HAWTHORNE AT AURORA - OTB,DECEMBER 
2011,469729,HAWTHORNE AT BUFFALO GROVE - OTB,DECEMBER 
2011,2063858,"HAWTHORNE AT CHICAGO, CORLISS - OTB",DECEMBER 
2011,990980,HAWTHORNE AT JOLIET - OTB,DECEMBER 
2011,938531,HAWTHORNE AT MOKENA - OTB,DECEMBER 
2011,166926,HAWTHORNE AT YORKVILLE - OTB,DECEMBER 
2011,4535444,"HAWTHORNE RACE COURSE, INC.",DECEMBER 
2011,820159,"HAWTHORNE RACE COURSE, INC. - IT.",DECEMBER 
2011,623275,MAYWOOD AT ELK GROVE VILLAGE - OTB,DECEMBER 
2011,2156471,MAYWOOD AT NILES - OTB,DECEMBER 
2011,488326,MAYWOOD AT NORTH AURORA - OTB,DECEMBER 
2011,1936095,MAYWOOD AT OAKBROOK - OTB,DECEMBER 
2011,2589967,MAYWOOD PARK TROTTING ASSOCIATION -IT.,DECEMBER 
2011,828556,"MAYWOOD PARK TROTTING ASSOCIATION, INC.",DECEMBER 
2011,528565,QUAD CITY AT LOCKPORT - OTB,DECEMBER 
2011,773253,QUAD CITY AT MCHENRY - OTB,DECEMBER 
2011,885242,QUAD CITY AT ROCKFORD - OTB,DECEMBER 
2011,389311,QUAD CITY AT SOUTH BELOIT - OTB,DECEMBER 
2011,593666,QUAD CITY AT SOUTH ELGIN - OTB,DECEMBER 
2011,620044,"QUAD CITY DOWNS, INC. - IT.",DECEMBER 
2011,1562800,YOUBET ADW,DECEMBER 
2011,3227611,TWIN SPIRES ADW,DECEMBER 
2011,2682619,TVG ADW,DECEMBER 
2011,92048,BETZOTIC ADW,DECEMBER 
2011,859113,XPRESSBET ADW,DECEMBER 