handle,live_or_simulcast,location,month,year
268798.3,LIVE,"ARLINGTON AT CHICAGO, JOE'S BAR - OTB",January,2012
2529237.4,SIMS,"ARLINGTON AT CHICAGO, JOE'S BAR - OTB",January,2012
110511.1,LIVE,ARLINGTON AT HODGKINS - OTB,January,2012
1257378.1,SIMS,ARLINGTON AT HODGKINS - OTB,January,2012
70069.3,LIVE,ARLINGTON AT VILLA PARK - OTB,January,2012
762329.2,SIMS,ARLINGTON AT VILLA PARK - OTB,January,2012
83177.1,LIVE,ARLINGTON AT WAUKEGAN - OTB,January,2012
1406680.8,SIMS,ARLINGTON AT WAUKEGAN - OTB,January,2012
156604.7,LIVE,ARLINGTON PARK RACECOURSE - IT.,January,2012
617239.5,SIMS,ARLINGTON PARK RACECOURSE - IT.,January,2012
2876443.5,SIMS,"ARLINGTON PARK RACECOURSE, LLC.",January,2012
27840.0,LIVE,BALMORAL AT CHAMPAIGN - OTB,January,2012
281339.0,SIMS,BALMORAL AT CHAMPAIGN - OTB,January,2012
250390.4,LIVE,BALMORAL AT CRESTWOOD - OTB,January,2012
1770765.5,SIMS,BALMORAL AT CRESTWOOD - OTB,January,2012
18672.5,LIVE,BALMORAL AT NORMAL - OTB,January,2012
265211.2,SIMS,BALMORAL AT NORMAL - OTB,January,2012
517400.4,LIVE,"BALMORAL RACING CLUB, INC.",January,2012
229693.2,SIMS,"BALMORAL RACING CLUB, INC.",January,2012
27351.8,LIVE,"BALMORAL RACING CLUB, INC. - IT.",January,2012
623264.5,SIMS,"BALMORAL RACING CLUB, INC. - IT.",January,2012
15568.8,LIVE,FAIRMOUNT AT ALTON - OTB,January,2012
305344.1,SIMS,FAIRMOUNT AT ALTON - OTB,January,2012
48186.2,LIVE,FAIRMOUNT AT SAUGET - OTB,January,2012
650175.8,SIMS,FAIRMOUNT AT SAUGET - OTB,January,2012
21145.1,LIVE,FAIRMOUNT AT SPRINGFIELD - OTB,January,2012
353469.7,SIMS,FAIRMOUNT AT SPRINGFIELD - OTB,January,2012
76529.9,LIVE,"FAIRMOUNT PARK, INC. - IT.",January,2012
1594621.5,SIMS,"FAIRMOUNT PARK, INC. - IT.",January,2012
48617.8,LIVE,HAWTHORNE AT AURORA - OTB,January,2012
531564.6,SIMS,HAWTHORNE AT AURORA - OTB,January,2012
17234.8,LIVE,HAWTHORNE AT BUFFALO GROVE - OTB,January,2012
385682.5,SIMS,HAWTHORNE AT BUFFALO GROVE - OTB,January,2012
216245.8,LIVE,"HAWTHORNE AT CHICAGO, CORLISS - OTB",January,2012
1506662.2,SIMS,"HAWTHORNE AT CHICAGO, CORLISS - OTB",January,2012
106524.1,LIVE,HAWTHORNE AT JOLIET - OTB,January,2012
725316.8,SIMS,HAWTHORNE AT JOLIET - OTB,January,2012
109373.8,LIVE,HAWTHORNE AT MOKENA - OTB,January,2012
814869.3,SIMS,HAWTHORNE AT MOKENA - OTB,January,2012
16115.6,LIVE,HAWTHORNE AT YORKVILLE - OTB,January,2012
138525.7,SIMS,HAWTHORNE AT YORKVILLE - OTB,January,2012
176199.1,LIVE,"HAWTHORNE RACE COURSE, INC. - IT.",January,2012
2684163.5,SIMS,"HAWTHORNE RACE COURSE, INC. - IT.",January,2012
41346.8,LIVE,MAYWOOD AT ELK GROVE VILLAGE - OTB,January,2012
523791.5,SIMS,MAYWOOD AT ELK GROVE VILLAGE - OTB,January,2012
142556.6,LIVE,MAYWOOD AT NILES - OTB,January,2012
1833272.5,SIMS,MAYWOOD AT NILES - OTB,January,2012
34892.2,LIVE,MAYWOOD AT NORTH AURORA - OTB,January,2012
412744.9,SIMS,MAYWOOD AT NORTH AURORA - OTB,January,2012
154992.0,LIVE,MAYWOOD AT OAKBROOK - OTB,January,2012
1691315.9,SIMS,MAYWOOD AT OAKBROOK - OTB,January,2012
222549.0,LIVE,MAYWOOD PARK TROTTING ASSOCIATION - IT.,January,2012
2333772.4,SIMS,MAYWOOD PARK TROTTING ASSOCIATION - IT.,January,2012
227286.9,LIVE,"MAYWOOD PARK TROTTING ASSOCIATION, INC.",January,2012
292886.5,SIMS,"MAYWOOD PARK TROTTING ASSOCIATION, INC.",January,2012
27131.1,LIVE,QUAD CITY AT LOCKPORT - OTB,January,2012
433359.5,SIMS,QUAD CITY AT LOCKPORT - OTB,January,2012
26749.8,LIVE,QUAD CITY AT MCHENRY - OTB,January,2012
631561.5,SIMS,QUAD CITY AT MCHENRY - OTB,January,2012
55313.8,LIVE,QUAD CITY AT ROCKFORD - OTB,January,2012
561629.9,SIMS,QUAD CITY AT ROCKFORD - OTB,January,2012
27620.5,LIVE,QUAD CITY AT SOUTH BELOIT - OTB,January,2012
261887.1,SIMS,QUAD CITY AT SOUTH BELOIT - OTB,January,2012
23784.8,LIVE,QUAD CITY AT SOUTH ELGIN - OTB,January,2012
435767.2,SIMS,QUAD CITY AT SOUTH ELGIN - OTB,January,2012
61601.9,LIVE,"QUAD CITY DOWNS, INC. - IT.",January,2012
514050.5,SIMS,"QUAD CITY DOWNS, INC. - IT.",January,2012
243279.8,LIVE,TWIN SPIRES/YOUBET,January,2012
4415349.5,SIMS,TWIN SPIRES/YOUBET,January,2012
147324.4,LIVE,TVG,January,2012
2727043.3,SIMS,TVG,January,2012
31754.4,LIVE,BETZOTIC,January,2012
79258.2,SIMS,BETZOTIC,January,2012
58078.3,LIVE,XPRESSBET,January,2012
990791.7,SIMS,XPRESSBET,January,2012
350702.2,LIVE,"ARLINGTON AT CHICAGO, JOE'S BAR - OTB",February,2012
2607352.0,SIMS,"ARLINGTON AT CHICAGO, JOE'S BAR - OTB",February,2012
190898.3,LIVE,ARLINGTON AT HODGKINS - OTB,February,2012
1317911.5,SIMS,ARLINGTON AT HODGKINS - OTB,February,2012
112252.7,LIVE,ARLINGTON AT VILLA PARK - OTB,February,2012
802373.8,SIMS,ARLINGTON AT VILLA PARK - OTB,February,2012
138491.3,LIVE,ARLINGTON AT WAUKEGAN - OTB,February,2012
1517250.5,SIMS,ARLINGTON AT WAUKEGAN - OTB,February,2012
366773.3,LIVE,ARLINGTON PARK RACECOURSE - IT.,February,2012
2262183.1,SIMS,ARLINGTON PARK RACECOURSE - IT.,February,2012
1430146.4,SIMS,"ARLINGTON PARK RACECOURSE, LLC.",February,2012
41085.5,LIVE,BALMORAL AT CHAMPAIGN - OTB,February,2012
329132.3,SIMS,BALMORAL AT CHAMPAIGN - OTB,February,2012
374530.3,LIVE,BALMORAL AT CRESTWOOD - OTB,February,2012
1998109.6,SIMS,BALMORAL AT CRESTWOOD - OTB,February,2012
30320.3,LIVE,BALMORAL AT NORMAL - OTB,February,2012
301191.4,SIMS,BALMORAL AT NORMAL - OTB,February,2012
653116.7,LIVE,"BALMORAL RACING CLUB, INC.",February,2012
296883.5,SIMS,"BALMORAL RACING CLUB, INC.",February,2012
68091.8,LIVE,"BALMORAL RACING CLUB, INC. - IT.",February,2012
666443.2,SIMS,"BALMORAL RACING CLUB, INC. - IT.",February,2012
30949.0,LIVE,FAIRMOUNT AT ALTON - OTB,February,2012
362974.6,SIMS,FAIRMOUNT AT ALTON - OTB,February,2012
67693.6,LIVE,FAIRMOUNT AT SAUGET - OTB,February,2012
801381.6,SIMS,FAIRMOUNT AT SAUGET - OTB,February,2012
38450.8,LIVE,FAIRMOUNT AT SPRINGFIELD - OTB,February,2012
350113.2,SIMS,FAIRMOUNT AT SPRINGFIELD - OTB,February,2012
181361.1,LIVE,"FAIRMOUNT PARK, INC. - IT.",February,2012
1785951.9,SIMS,"FAIRMOUNT PARK, INC. - IT.",February,2012
92343.4,LIVE,HAWTHORNE AT AURORA - OTB,February,2012
556015.7,SIMS,HAWTHORNE AT AURORA - OTB,February,2012
39247.9,LIVE,HAWTHORNE AT BUFFALO GROVE - OTB,February,2012
511379.3,SIMS,HAWTHORNE AT BUFFALO GROVE - OTB,February,2012
358975.9,LIVE,"HAWTHORNE AT CHICAGO, CORLISS - OTB",February,2012
1772662.9,SIMS,"HAWTHORNE AT CHICAGO, CORLISS - OTB",February,2012
209634.1,LIVE,HAWTHORNE AT JOLIET - OTB,February,2012
993977.8,SIMS,HAWTHORNE AT JOLIET - OTB,February,2012
184256.0,LIVE,HAWTHORNE AT MOKENA - OTB,February,2012
914735.4,SIMS,HAWTHORNE AT MOKENA - OTB,February,2012
718561.0,LIVE,"HAWTHORNE RACE COURSE, INC.",February,2012
1741867.7,SIMS,"HAWTHORNE RACE COURSE, INC.",February,2012
212478.9,LIVE,"HAWTHORNE RACE COURSE, INC. - IT.",February,2012
1789520.4,SIMS,"HAWTHORNE RACE COURSE, INC. - IT.",February,2012
97898.7,LIVE,MAYWOOD AT ELK GROVE VILLAGE - OTB,February,2012
511250.9,SIMS,MAYWOOD AT ELK GROVE VILLAGE - OTB,February,2012
245626.7,LIVE,MAYWOOD AT NILES - OTB,February,2012
1842632.3,SIMS,MAYWOOD AT NILES - OTB,February,2012
55292.4,LIVE,MAYWOOD AT NORTH AURORA - OTB,February,2012
491504.7,SIMS,MAYWOOD AT NORTH AURORA - OTB,February,2012
284808.5,LIVE,MAYWOOD AT OAKBROOK - OTB,February,2012
1774507.7,SIMS,MAYWOOD AT OAKBROOK - OTB,February,2012
328959.7,LIVE,MAYWOOD PARK TROTTING ASSOCIATION - IT.,February,2012
2492827.1,SIMS,MAYWOOD PARK TROTTING ASSOCIATION - IT.,February,2012
324465.6,LIVE,"MAYWOOD PARK TROTTING ASSOCIATION, INC.",February,2012
426240.9,SIMS,"MAYWOOD PARK TROTTING ASSOCIATION, INC.",February,2012
56704.7,LIVE,QUAD CITY AT LOCKPORT - OTB,February,2012
414251.5,SIMS,QUAD CITY AT LOCKPORT - OTB,February,2012
64517.1,LIVE,QUAD CITY AT MCHENRY - OTB,February,2012
706759.5,SIMS,QUAD CITY AT MCHENRY - OTB,February,2012
91700.1,LIVE,QUAD CITY AT ROCKFORD - OTB,February,2012
649025.0,SIMS,QUAD CITY AT ROCKFORD - OTB,February,2012
36976.7,LIVE,QUAD CITY AT SOUTH BELOIT - OTB,February,2012
356244.5,SIMS,QUAD CITY AT SOUTH BELOIT - OTB,February,2012
55234.2,LIVE,QUAD CITY AT SOUTH ELGIN - OTB,February,2012
572052.9,SIMS,QUAD CITY AT SOUTH ELGIN - OTB,February,2012
78676.5,LIVE,"QUAD CITY DOWNS, INC. - IT.",February,2012
560370.5,SIMS,"QUAD CITY DOWNS, INC. - IT.",February,2012
422154.8,LIVE,TWIN SPIRES/YOUBET,February,2012
4755801.6,SIMS,TWIN SPIRES/YOUBET,February,2012
259387.8,LIVE,TVG,February,2012
2832415.8,SIMS,TVG,February,2012
30355.0,LIVE,BETZOTIC,February,2012
87599.0,SIMS,BETZOTIC,February,2012
104311.2,LIVE,XPRESSBET,February,2012
1048306.1,SIMS,XPRESSBET,February,2012
500663.6,LIVE,"ARLINGTON AT CHICAGO, JOE'S BAR - OTB",March,2012
2787613.0,SIMS,"ARLINGTON AT CHICAGO, JOE'S BAR - OTB",March,2012
262314.1,LIVE,ARLINGTON AT HODGKINS - OTB,March,2012
1189352.2,SIMS,ARLINGTON AT HODGKINS - OTB,March,2012
172728.8,LIVE,ARLINGTON AT VILLA PARK - OTB,March,2012
932547.0,SIMS,ARLINGTON AT VILLA PARK - OTB,March,2012
221502.9,LIVE,ARLINGTON AT WAUKEGAN - OTB,March,2012
1575898.3,SIMS,ARLINGTON AT WAUKEGAN - OTB,March,2012
598686.4,LIVE,ARLINGTON PARK RACECOURSE - IT.,March,2012
4066284.1,SIMS,ARLINGTON PARK RACECOURSE - IT.,March,2012
50979.9,LIVE,BALMORAL AT CHAMPAIGN - OTB,March,2012
307286.5,SIMS,BALMORAL AT CHAMPAIGN - OTB,March,2012
580922.7,LIVE,BALMORAL AT CRESTWOOD - OTB,March,2012
1988197.1,SIMS,BALMORAL AT CRESTWOOD - OTB,March,2012
53959.6,LIVE,BALMORAL AT NORMAL - OTB,March,2012
356058.8,SIMS,BALMORAL AT NORMAL - OTB,March,2012
783165.2,LIVE,"BALMORAL RACING CLUB, INC.",March,2012
320012.0,SIMS,"BALMORAL RACING CLUB, INC.",March,2012
104073.2,LIVE,"BALMORAL RACING CLUB, INC. - IT.",March,2012
697021.1,SIMS,"BALMORAL RACING CLUB, INC. - IT.",March,2012
52693.6,LIVE,FAIRMOUNT AT ALTON - OTB,March,2012
439230.2,SIMS,FAIRMOUNT AT ALTON - OTB,March,2012
101493.2,LIVE,FAIRMOUNT AT SAUGET - OTB,March,2012
761916.3,SIMS,FAIRMOUNT AT SAUGET - OTB,March,2012
54894.5,LIVE,FAIRMOUNT AT SPRINGFIELD - OTB,March,2012
380218.2,SIMS,FAIRMOUNT AT SPRINGFIELD - OTB,March,2012
278289.8,LIVE,"FAIRMOUNT PARK, INC. - IT.",March,2012
1947843.8,SIMS,"FAIRMOUNT PARK, INC. - IT.",March,2012
138763.0,LIVE,HAWTHORNE AT AURORA - OTB,March,2012
609734.8,SIMS,HAWTHORNE AT AURORA - OTB,March,2012
70254.0,LIVE,HAWTHORNE AT BUFFALO GROVE - OTB,March,2012
460914.9,SIMS,HAWTHORNE AT BUFFALO GROVE - OTB,March,2012
504653.0,LIVE,"HAWTHORNE AT CHICAGO, CORLISS - OTB",March,2012
1818167.0,SIMS,"HAWTHORNE AT CHICAGO, CORLISS - OTB",March,2012
232873.0,LIVE,HAWTHORNE AT JOLIET - OTB,March,2012
822681.5,SIMS,HAWTHORNE AT JOLIET - OTB,March,2012
236725.0,LIVE,HAWTHORNE AT MOKENA - OTB,March,2012
850918.8,SIMS,HAWTHORNE AT MOKENA - OTB,March,2012
1560269.0,LIVE,"HAWTHORNE RACE COURSE, INC.",March,2012
3319371.8,SIMS,"HAWTHORNE RACE COURSE, INC.",March,2012
257630.7,LIVE,"HAWTHORNE RACE COURSE, INC. - IT.",March,2012
660014.3,SIMS,"HAWTHORNE RACE COURSE, INC. - IT.",March,2012
126759.3,LIVE,MAYWOOD AT ELK GROVE VILLAGE - OTB,March,2012
501609.5,SIMS,MAYWOOD AT ELK GROVE VILLAGE - OTB,March,2012
396384.7,LIVE,MAYWOOD AT NILES - OTB,March,2012
2053058.2,SIMS,MAYWOOD AT NILES - OTB,March,2012
82840.7,LIVE,MAYWOOD AT NORTH AURORA - OTB,March,2012
480000.5,SIMS,MAYWOOD AT NORTH AURORA - OTB,March,2012
463556.3,LIVE,MAYWOOD AT OAKBROOK - OTB,March,2012
1971891.0,SIMS,MAYWOOD AT OAKBROOK - OTB,March,2012
480910.7,LIVE,MAYWOOD PARK TROTTING ASSOCIATION - IT.,March,2012
2369315.8,SIMS,MAYWOOD PARK TROTTING ASSOCIATION - IT.,March,2012
438951.5,LIVE,"MAYWOOD PARK TROTTING ASSOCIATION, INC.",March,2012
484073.2,SIMS,"MAYWOOD PARK TROTTING ASSOCIATION, INC.",March,2012
82630.0,LIVE,QUAD CITY AT LOCKPORT - OTB,March,2012
451180.5,SIMS,QUAD CITY AT LOCKPORT - OTB,March,2012
110466.5,LIVE,QUAD CITY AT MCHENRY - OTB,March,2012
750138.7,SIMS,QUAD CITY AT MCHENRY - OTB,March,2012
123773.8,LIVE,QUAD CITY AT ROCKFORD - OTB,March,2012
663462.6,SIMS,QUAD CITY AT ROCKFORD - OTB,March,2012
56095.6,LIVE,QUAD CITY AT SOUTH BELOIT - OTB,March,2012
360445.2,SIMS,QUAD CITY AT SOUTH BELOIT - OTB,March,2012
108890.6,LIVE,QUAD CITY AT SOUTH ELGIN - OTB,March,2012
598654.2,SIMS,QUAD CITY AT SOUTH ELGIN - OTB,March,2012
108192.4,LIVE,"QUAD CITY DOWNS, INC. - IT.",March,2012
598244.5,SIMS,"QUAD CITY DOWNS, INC. - IT.",March,2012
638359.5,LIVE,TWIN SPIRES/YOUBET,March,2012
5123075.3,SIMS,TWIN SPIRES/YOUBET,March,2012
419500.9,LIVE,TVG,March,2012
2898914.8,SIMS,TVG,March,2012
32233.7,LIVE,BETZOTIC,March,2012
72510.0,SIMS,BETZOTIC,March,2012
183241.1,LIVE,XPRESSBET,March,2012
1205056.9,SIMS,XPRESSBET,March,2012
516676.3,LIVE,"ARLINGTON AT CHICAGO, JOE'S BAR - OTB",April,2012
2631579.2,SIMS,"ARLINGTON AT CHICAGO, JOE'S BAR - OTB",April,2012
244023.1,LIVE,ARLINGTON AT HODGKINS - OTB,April,2012
989975.1,SIMS,ARLINGTON AT HODGKINS - OTB,April,2012
12568.9,LIVE,ARLINGTON AT ORLAND HILLS - OTB,April,2012
38946.5,SIMS,ARLINGTON AT ORLAND HILLS - OTB,April,2012
171926.0,LIVE,ARLINGTON AT VILLA PARK - OTB,April,2012
831937.6,SIMS,ARLINGTON AT VILLA PARK - OTB,April,2012
222580.6,LIVE,ARLINGTON AT WAUKEGAN - OTB,April,2012
1385477.7,SIMS,ARLINGTON AT WAUKEGAN - OTB,April,2012
718218.4,LIVE,ARLINGTON PARK RACECOURSE - IT.,April,2012
3656196.9,SIMS,ARLINGTON PARK RACECOURSE - IT.,April,2012
50412.3,LIVE,BALMORAL AT CHAMPAIGN - OTB,April,2012
293980.8,SIMS,BALMORAL AT CHAMPAIGN - OTB,April,2012
537916.0,LIVE,BALMORAL AT CRESTWOOD - OTB,April,2012
1711131.7,SIMS,BALMORAL AT CRESTWOOD - OTB,April,2012
66124.3,LIVE,BALMORAL AT NORMAL - OTB,April,2012
361964.1,SIMS,BALMORAL AT NORMAL - OTB,April,2012
761788.2,LIVE,"BALMORAL RACING CLUB, INC.",April,2012
320020.5,SIMS,"BALMORAL RACING CLUB, INC.",April,2012
114012.1,LIVE,"BALMORAL RACING CLUB, INC. - IT.",April,2012
663155.3,SIMS,"BALMORAL RACING CLUB, INC. - IT.",April,2012
68265.7,LIVE,FAIRMOUNT AT ALTON - OTB,April,2012
373412.0,SIMS,FAIRMOUNT AT ALTON - OTB,April,2012
143108.9,LIVE,FAIRMOUNT AT SAUGET - OTB,April,2012
648625.0,SIMS,FAIRMOUNT AT SAUGET - OTB,April,2012
70463.4,LIVE,FAIRMOUNT AT SPRINGFIELD - OTB,April,2012
342753.9,SIMS,FAIRMOUNT AT SPRINGFIELD - OTB,April,2012
1024691.5,LIVE,"FAIRMOUNT PARK, INC.",April,2012
231655.8,LIVE,"FAIRMOUNT PARK, INC. - IT.",April,2012
1660023.6,SIMS,"FAIRMOUNT PARK, INC. - IT.",April,2012
140079.1,LIVE,HAWTHORNE AT AURORA - OTB,April,2012
491910.7,SIMS,HAWTHORNE AT AURORA - OTB,April,2012
51772.7,LIVE,HAWTHORNE AT BUFFALO GROVE - OTB,April,2012
288553.9,SIMS,HAWTHORNE AT BUFFALO GROVE - OTB,April,2012
460619.3,LIVE,"HAWTHORNE AT CHICAGO, CORLISS - OTB",April,2012
1536416.8,SIMS,"HAWTHORNE AT CHICAGO, CORLISS - OTB",April,2012
21820.7,LIVE,HAWTHORNE AT GLENDALE HEIGHTS - OTB,April,2012
79539.1,SIMS,HAWTHORNE AT GLENDALE HEIGHTS - OTB,April,2012
232172.2,LIVE,HAWTHORNE AT JOLIET - OTB,April,2012
800858.9,SIMS,HAWTHORNE AT JOLIET - OTB,April,2012
234352.8,LIVE,HAWTHORNE AT MOKENA - OTB,April,2012
814301.2,SIMS,HAWTHORNE AT MOKENA - OTB,April,2012
12688.9,LIVE,HAWTHORNE AT PROSPECT HEIGHTS - OTB,April,2012
48818.2,SIMS,HAWTHORNE AT PROSPECT HEIGHTS - OTB,April,2012
1897617.4,LIVE,"HAWTHORNE RACE COURSE, INC.",April,2012
3021731.8,SIMS,"HAWTHORNE RACE COURSE, INC.",April,2012
223566.3,LIVE,"HAWTHORNE RACE COURSE, INC. - IT.",April,2012
596352.6,SIMS,"HAWTHORNE RACE COURSE, INC. - IT.",April,2012
125466.0,LIVE,MAYWOOD AT ELK GROVE VILLAGE - OTB,April,2012
462237.9,SIMS,MAYWOOD AT ELK GROVE VILLAGE - OTB,April,2012
390787.0,LIVE,MAYWOOD AT NILES - OTB,April,2012
1755178.8,SIMS,MAYWOOD AT NILES - OTB,April,2012
101595.9,LIVE,MAYWOOD AT NORTH AURORA - OTB,April,2012
431933.8,SIMS,MAYWOOD AT NORTH AURORA - OTB,April,2012
456393.7,LIVE,MAYWOOD AT OAKBROOK - OTB,April,2012
1732510.2,SIMS,MAYWOOD AT OAKBROOK - OTB,April,2012
496256.6,LIVE,MAYWOOD PARK TROTTING ASSOCIATION - IT.,April,2012
2199550.5,SIMS,MAYWOOD PARK TROTTING ASSOCIATION - IT.,April,2012
338369.3,LIVE,"MAYWOOD PARK TROTTING ASSOCIATION, INC.",April,2012
338686.7,SIMS,"MAYWOOD PARK TROTTING ASSOCIATION, INC.",April,2012
85261.8,LIVE,QUAD CITY AT LOCKPORT - OTB,April,2012
364243.8,SIMS,QUAD CITY AT LOCKPORT - OTB,April,2012
118332.5,LIVE,QUAD CITY AT MCHENRY - OTB,April,2012
605957.9,SIMS,QUAD CITY AT MCHENRY - OTB,April,2012
126144.1,LIVE,QUAD CITY AT ROCKFORD - OTB,April,2012
605891.7,SIMS,QUAD CITY AT ROCKFORD - OTB,April,2012
58508.0,LIVE,QUAD CITY AT SOUTH BELOIT - OTB,April,2012
331458.4,SIMS,QUAD CITY AT SOUTH BELOIT - OTB,April,2012
128671.8,LIVE,QUAD CITY AT SOUTH ELGIN - OTB,April,2012
484049.0,SIMS,QUAD CITY AT SOUTH ELGIN - OTB,April,2012
97175.3,LIVE,"QUAD CITY DOWNS, INC. - IT.",April,2012
526336.4,SIMS,"QUAD CITY DOWNS, INC. - IT.",April,2012
749132.4,LIVE,TWIN SPIRES/YOUBET,April,2012
4534404.3,SIMS,TWIN SPIRES/YOUBET,April,2012
450693.5,LIVE,TVG,April,2012
2762282.3,SIMS,TVG,April,2012
36422.8,LIVE,BETZOTIC,April,2012
93823.6,SIMS,BETZOTIC,April,2012
228848.7,LIVE,XPRESSBET,April,2012
1108525.6,SIMS,XPRESSBET,April,2012
539944.9,LIVE,"ARLINGTON AT CHICAGO, JOE'S BAR - OTB",May,2012
3203950.0,SIMS,"ARLINGTON AT CHICAGO, JOE'S BAR - OTB",May,2012
271286.6,LIVE,ARLINGTON AT HODGKINS - OTB,May,2012
1424526.7,SIMS,ARLINGTON AT HODGKINS - OTB,May,2012
79369.9,LIVE,ARLINGTON AT ORLAND HILLS - OTB,May,2012
375272.5,SIMS,ARLINGTON AT ORLAND HILLS - OTB,May,2012
157409.0,LIVE,ARLINGTON AT VILLA PARK - OTB,May,2012
821257.3,SIMS,ARLINGTON AT VILLA PARK - OTB,May,2012
269168.3,LIVE,ARLINGTON AT WAUKEGAN - OTB,May,2012
1821055.1,SIMS,ARLINGTON AT WAUKEGAN - OTB,May,2012
237145.8,LIVE,ARLINGTON PARK RACECOURSE - IT.,May,2012
977068.1,SIMS,ARLINGTON PARK RACECOURSE - IT.,May,2012
6214652.3,LIVE,"ARLINGTON PARK RACECOURSE, LLC.",May,2012
5946898.8,SIMS,"ARLINGTON PARK RACECOURSE, LLC.",May,2012
55647.9,LIVE,BALMORAL AT CHAMPAIGN - OTB,May,2012
498694.3,SIMS,BALMORAL AT CHAMPAIGN - OTB,May,2012
572933.0,LIVE,BALMORAL AT CRESTWOOD - OTB,May,2012
2373323.1,SIMS,BALMORAL AT CRESTWOOD - OTB,May,2012
61410.9,LIVE,BALMORAL AT NORMAL - OTB,May,2012
512365.2,SIMS,BALMORAL AT NORMAL - OTB,May,2012
738888.6,LIVE,"BALMORAL RACING CLUB, INC.",May,2012
299262.4,SIMS,"BALMORAL RACING CLUB, INC.",May,2012
121647.9,LIVE,"BALMORAL RACING CLUB, INC. - IT.",May,2012
822094.6,SIMS,"BALMORAL RACING CLUB, INC. - IT.",May,2012
69023.8,LIVE,FAIRMOUNT AT ALTON - OTB,May,2012
529595.4,SIMS,FAIRMOUNT AT ALTON - OTB,May,2012
148573.7,LIVE,FAIRMOUNT AT SAUGET - OTB,May,2012
877725.5,SIMS,FAIRMOUNT AT SAUGET - OTB,May,2012
75991.0,LIVE,FAIRMOUNT AT SPRINGFIELD - OTB,May,2012
626847.5,SIMS,FAIRMOUNT AT SPRINGFIELD - OTB,May,2012
1787173.5,LIVE,"FAIRMOUNT PARK, INC.",May,2012
293268.6,LIVE,"FAIRMOUNT PARK, INC. - IT.",May,2012
2856342.1,SIMS,"FAIRMOUNT PARK, INC. - IT.",May,2012
159220.4,LIVE,HAWTHORNE AT AURORA - OTB,May,2012
710027.7,SIMS,HAWTHORNE AT AURORA - OTB,May,2012
474177.0,LIVE,"HAWTHORNE AT CHICAGO, CORLISS - OTB",May,2012
1710094.6,SIMS,"HAWTHORNE AT CHICAGO, CORLISS - OTB",May,2012
172863.0,LIVE,HAWTHORNE AT GLENDALE HEIGHTS - OTB,May,2012
700051.7,SIMS,HAWTHORNE AT GLENDALE HEIGHTS - OTB,May,2012
223158.3,LIVE,HAWTHORNE AT JOLIET - OTB,May,2012
1105001.0,SIMS,HAWTHORNE AT JOLIET - OTB,May,2012
183324.6,LIVE,HAWTHORNE AT MOKENA - OTB,May,2012
1031099.4,SIMS,HAWTHORNE AT MOKENA - OTB,May,2012
99959.9,LIVE,HAWTHORNE AT PROSPECT HEIGHTS - OTB,May,2012
507766.4,SIMS,HAWTHORNE AT PROSPECT HEIGHTS - OTB,May,2012
1275.0,SIMS,"HAWTHORNE RACE COURSE, INC.",May,2012
723290.5,LIVE,"HAWTHORNE RACE COURSE, INC. - IT.",May,2012
2816363.9,SIMS,"HAWTHORNE RACE COURSE, INC. - IT.",May,2012
131439.7,LIVE,MAYWOOD AT ELK GROVE VILLAGE - OTB,May,2012
497745.6,SIMS,MAYWOOD AT ELK GROVE VILLAGE - OTB,May,2012
449192.7,LIVE,MAYWOOD AT NILES - OTB,May,2012
2278096.4,SIMS,MAYWOOD AT NILES - OTB,May,2012
102735.8,LIVE,MAYWOOD AT NORTH AURORA - OTB,May,2012
641168.5,SIMS,MAYWOOD AT NORTH AURORA - OTB,May,2012
471087.5,LIVE,MAYWOOD AT OAKBROOK - OTB,May,2012
2312295.0,SIMS,MAYWOOD AT OAKBROOK - OTB,May,2012
521119.3,LIVE,MAYWOOD PARK TROTTING ASSOCIATION - IT.,May,2012
2433046.3,SIMS,MAYWOOD PARK TROTTING ASSOCIATION - IT.,May,2012
358447.8,LIVE,"MAYWOOD PARK TROTTING ASSOCIATION, INC.",May,2012
371503.3,SIMS,"MAYWOOD PARK TROTTING ASSOCIATION, INC.",May,2012
84892.7,LIVE,QUAD CITY AT LOCKPORT - OTB,May,2012
561561.2,SIMS,QUAD CITY AT LOCKPORT - OTB,May,2012
122349.1,LIVE,QUAD CITY AT MCHENRY - OTB,May,2012
739111.5,SIMS,QUAD CITY AT MCHENRY - OTB,May,2012
145800.6,LIVE,QUAD CITY AT ROCKFORD - OTB,May,2012
889359.2,SIMS,QUAD CITY AT ROCKFORD - OTB,May,2012
66239.0,LIVE,QUAD CITY AT SOUTH BELOIT - OTB,May,2012
494984.8,SIMS,QUAD CITY AT SOUTH BELOIT - OTB,May,2012
113566.5,LIVE,QUAD CITY AT SOUTH ELGIN - OTB,May,2012
605855.8,SIMS,QUAD CITY AT SOUTH ELGIN - OTB,May,2012
111957.8,LIVE,"QUAD CITY DOWNS, INC. - IT.",May,2012
792778.7,SIMS,"QUAD CITY DOWNS, INC. - IT.",May,2012
1177020.5,LIVE,TWIN SPIRES/YOUBET,May,2012
6269554.86,SIMS,TWIN SPIRES/YOUBET,May,2012
485931.3,LIVE,TVG,May,2012
3660440.7,SIMS,TVG,May,2012
60906.2,LIVE,BETZOTIC,May,2012
189383.6,SIMS,BETZOTIC,May,2012
288027.8,LIVE,XPRESSBET,May,2012
1594531.9,SIMS,XPRESSBET,May,2012
534816.6,LIVE,"ARLINGTON AT CHICAGO, JOE'S BAR - OTB",June,2012
2344682.3,SIMS,"ARLINGTON AT CHICAGO, JOE'S BAR - OTB",June,2012
302818.4,LIVE,ARLINGTON AT HODGKINS - OTB,June,2012
1168654.6,SIMS,ARLINGTON AT HODGKINS - OTB,June,2012
117228.1,LIVE,ARLINGTON AT ORLAND HILLS - OTB,June,2012
405722.9,SIMS,ARLINGTON AT ORLAND HILLS - OTB,June,2012
157395.8,LIVE,ARLINGTON AT VILLA PARK - OTB,June,2012
633363.3,SIMS,ARLINGTON AT VILLA PARK - OTB,June,2012
291395.1,LIVE,ARLINGTON AT WAUKEGAN - OTB,June,2012
1445753.2,SIMS,ARLINGTON AT WAUKEGAN - OTB,June,2012
240746.6,LIVE,ARLINGTON PARK RACECOURSE - IT.,June,2012
1160094.6,SIMS,ARLINGTON PARK RACECOURSE - IT.,June,2012
7647376.3,LIVE,"ARLINGTON PARK RACECOURSE, LLC.",June,2012
4708797.9,SIMS,"ARLINGTON PARK RACECOURSE, LLC.",June,2012
53245.4,LIVE,BALMORAL AT CHAMPAIGN - OTB,June,2012
289425.4,SIMS,BALMORAL AT CHAMPAIGN - OTB,June,2012
535549.7,LIVE,BALMORAL AT CRESTWOOD - OTB,June,2012
1520441.1,SIMS,BALMORAL AT CRESTWOOD - OTB,June,2012
67546.4,LIVE,BALMORAL AT NORMAL - OTB,June,2012
345433.9,SIMS,BALMORAL AT NORMAL - OTB,June,2012
891057.5,LIVE,"BALMORAL RACING CLUB, INC.",June,2012
344482.6,SIMS,"BALMORAL RACING CLUB, INC.",June,2012
138602.5,LIVE,"BALMORAL RACING CLUB, INC. - IT.",June,2012
645388.5,SIMS,"BALMORAL RACING CLUB, INC. - IT.",June,2012
77928.1,LIVE,FAIRMOUNT AT ALTON - OTB,June,2012
416421.2,SIMS,FAIRMOUNT AT ALTON - OTB,June,2012
151283.9,LIVE,FAIRMOUNT AT SAUGET - OTB,June,2012
687234.2,SIMS,FAIRMOUNT AT SAUGET - OTB,June,2012
82364.2,LIVE,FAIRMOUNT AT SPRINGFIELD - OTB,June,2012
421248.6,SIMS,FAIRMOUNT AT SPRINGFIELD - OTB,June,2012
1828821.8,LIVE,"FAIRMOUNT PARK, INC.",June,2012
337531.1,LIVE,"FAIRMOUNT PARK, INC. - IT.",June,2012
2118188.2,SIMS,"FAIRMOUNT PARK, INC. - IT.",June,2012
165278.8,LIVE,HAWTHORNE AT AURORA - OTB,June,2012
433427.5,SIMS,HAWTHORNE AT AURORA - OTB,June,2012
509253.3,LIVE,"HAWTHORNE AT CHICAGO, CORLISS - OTB",June,2012
1526917.7,SIMS,"HAWTHORNE AT CHICAGO, CORLISS - OTB",June,2012
198312.9,LIVE,HAWTHORNE AT GLENDALE HEIGHTS - OTB,June,2012
573272.5,SIMS,HAWTHORNE AT GLENDALE HEIGHTS - OTB,June,2012
255618.9,LIVE,HAWTHORNE AT JOLIET - OTB,June,2012
816534.5,SIMS,HAWTHORNE AT JOLIET - OTB,June,2012
209352.6,LIVE,HAWTHORNE AT MOKENA - OTB,June,2012
644576.2,SIMS,HAWTHORNE AT MOKENA - OTB,June,2012
121803.6,LIVE,HAWTHORNE AT PROSPECT HEIGHTS - OTB,June,2012
493058.3,SIMS,HAWTHORNE AT PROSPECT HEIGHTS - OTB,June,2012
864453.5,LIVE,"HAWTHORNE RACE COURSE, INC. - IT.",June,2012
2450679.5,SIMS,"HAWTHORNE RACE COURSE, INC. - IT.",June,2012
135512.6,LIVE,MAYWOOD AT ELK GROVE VILLAGE - OTB,June,2012
412946.0,SIMS,MAYWOOD AT ELK GROVE VILLAGE - OTB,June,2012
440871.2,LIVE,MAYWOOD AT NILES - OTB,June,2012
1720975.2,SIMS,MAYWOOD AT NILES - OTB,June,2012
95284.3,LIVE,MAYWOOD AT NORTH AURORA - OTB,June,2012
404677.6,SIMS,MAYWOOD AT NORTH AURORA - OTB,June,2012
465896.6,LIVE,MAYWOOD AT OAKBROOK - OTB,June,2012
1769012.0,SIMS,MAYWOOD AT OAKBROOK - OTB,June,2012
548295.7,LIVE,MAYWOOD PARK TROTTING ASSOCIATION - IT.,June,2012
1988473.7,SIMS,MAYWOOD PARK TROTTING ASSOCIATION - IT.,June,2012
517095.8,LIVE,"MAYWOOD PARK TROTTING ASSOCIATION, INC.",June,2012
420868.6,SIMS,"MAYWOOD PARK TROTTING ASSOCIATION, INC.",June,2012
85363.6,LIVE,QUAD CITY AT LOCKPORT - OTB,June,2012
396012.3,SIMS,QUAD CITY AT LOCKPORT - OTB,June,2012
115525.2,LIVE,QUAD CITY AT MCHENRY - OTB,June,2012
530941.0,SIMS,QUAD CITY AT MCHENRY - OTB,June,2012
170620.6,LIVE,QUAD CITY AT ROCKFORD - OTB,June,2012
739311.8,SIMS,QUAD CITY AT ROCKFORD - OTB,June,2012
64086.1,LIVE,QUAD CITY AT SOUTH BELOIT - OTB,June,2012
340579.2,SIMS,QUAD CITY AT SOUTH BELOIT - OTB,June,2012
128842.1,LIVE,QUAD CITY AT SOUTH ELGIN - OTB,June,2012
485796.0,SIMS,QUAD CITY AT SOUTH ELGIN - OTB,June,2012
116279.8,LIVE,"QUAD CITY DOWNS, INC. - IT.",June,2012
571787.3,SIMS,"QUAD CITY DOWNS, INC. - IT.",June,2012
1211647.5,LIVE,TWIN SPIRES/YOUBET,June,2012
4807518.0,SIMS,TWIN SPIRES/YOUBET,June,2012
449545.0,LIVE,TVG,June,2012
2680404.1,SIMS,TVG,June,2012
46292.8,LIVE,BETZOTIC,June,2012
109935.4,SIMS,BETZOTIC,June,2012
320914.0,LIVE,XPRESSBET,June,2012
1326104.0,SIMS,XPRESSBET,June,2012
461800.9,LIVE,"ARLINGTON AT CHICAGO, JOE'S BAR - OTB",July,2012
2006138.3,SIMS,"ARLINGTON AT CHICAGO, JOE'S BAR - OTB",July,2012
302042.1,LIVE,ARLINGTON AT HODGKINS - OTB,July,2012
1151552.2,SIMS,ARLINGTON AT HODGKINS - OTB,July,2012
100254.4,LIVE,ARLINGTON AT ORLAND HILLS - OTB,July,2012
367153.2,SIMS,ARLINGTON AT ORLAND HILLS - OTB,July,2012
129215.2,LIVE,ARLINGTON AT VILLA PARK - OTB,July,2012
503737.2,SIMS,ARLINGTON AT VILLA PARK - OTB,July,2012
293409.9,LIVE,ARLINGTON AT WAUKEGAN - OTB,July,2012
1405135.1,SIMS,ARLINGTON AT WAUKEGAN - OTB,July,2012
236771.8,LIVE,ARLINGTON PARK RACECOURSE - IT.,July,2012
1178738.5,SIMS,ARLINGTON PARK RACECOURSE - IT.,July,2012
7271109.7,LIVE,"ARLINGTON PARK RACECOURSE, LLC.",July,2012
4289547.8,SIMS,"ARLINGTON PARK RACECOURSE, LLC.",July,2012
58878.4,LIVE,BALMORAL AT CHAMPAIGN - OTB,July,2012
250199.8,SIMS,BALMORAL AT CHAMPAIGN - OTB,July,2012
490386.0,LIVE,BALMORAL AT CRESTWOOD - OTB,July,2012
1370685.2,SIMS,BALMORAL AT CRESTWOOD - OTB,July,2012
72186.5,LIVE,BALMORAL AT NORMAL - OTB,July,2012
294059.9,SIMS,BALMORAL AT NORMAL - OTB,July,2012
830652.0,LIVE,"BALMORAL RACING CLUB, INC.",July,2012
361912.5,SIMS,"BALMORAL RACING CLUB, INC.",July,2012
115333.3,LIVE,"BALMORAL RACING CLUB, INC. - IT.",July,2012
518493.4,SIMS,"BALMORAL RACING CLUB, INC. - IT.",July,2012
76849.0,LIVE,FAIRMOUNT AT ALTON - OTB,July,2012
362803.6,SIMS,FAIRMOUNT AT ALTON - OTB,July,2012
147165.2,LIVE,FAIRMOUNT AT SAUGET - OTB,July,2012
654913.4,SIMS,FAIRMOUNT AT SAUGET - OTB,July,2012
83800.0,LIVE,FAIRMOUNT AT SPRINGFIELD - OTB,July,2012
291426.3,SIMS,FAIRMOUNT AT SPRINGFIELD - OTB,July,2012
1353230.6,LIVE,"FAIRMOUNT PARK, INC.",July,2012
307239.2,LIVE,"FAIRMOUNT PARK, INC. - IT.",July,2012
1768502.3,SIMS,"FAIRMOUNT PARK, INC. - IT.",July,2012
140141.1,LIVE,HAWTHORNE AT AURORA - OTB,July,2012
377933.1,SIMS,HAWTHORNE AT AURORA - OTB,July,2012
467863.7,LIVE,"HAWTHORNE AT CHICAGO, CORLISS - OTB",July,2012
1449009.4,SIMS,"HAWTHORNE AT CHICAGO, CORLISS - OTB",July,2012
191565.4,LIVE,HAWTHORNE AT GLENDALE HEIGHTS - OTB,July,2012
566745.3,SIMS,HAWTHORNE AT GLENDALE HEIGHTS - OTB,July,2012
226137.2,LIVE,HAWTHORNE AT JOLIET - OTB,July,2012
718137.8,SIMS,HAWTHORNE AT JOLIET - OTB,July,2012
184481.6,LIVE,HAWTHORNE AT MOKENA - OTB,July,2012
591200.4,SIMS,HAWTHORNE AT MOKENA - OTB,July,2012
115079.0,LIVE,HAWTHORNE AT PROSPECT HEIGHTS - OTB,July,2012
475077.4,SIMS,HAWTHORNE AT PROSPECT HEIGHTS - OTB,July,2012
784032.5,LIVE,"HAWTHORNE RACE COURSE, INC. - IT.",July,2012
2301484.9,SIMS,"HAWTHORNE RACE COURSE, INC. - IT.",July,2012
120349.9,LIVE,MAYWOOD AT ELK GROVE VILLAGE - OTB,July,2012
354613.6,SIMS,MAYWOOD AT ELK GROVE VILLAGE - OTB,July,2012
474353.2,LIVE,MAYWOOD AT NILES - OTB,July,2012
1786427.3,SIMS,MAYWOOD AT NILES - OTB,July,2012
86933.0,LIVE,MAYWOOD AT NORTH AURORA - OTB,July,2012
349052.8,SIMS,MAYWOOD AT NORTH AURORA - OTB,July,2012
471469.5,LIVE,MAYWOOD AT OAKBROOK - OTB,July,2012
1828037.7,SIMS,MAYWOOD AT OAKBROOK - OTB,July,2012
490289.3,LIVE,MAYWOOD PARK TROTTING ASSOCIATION - IT.,July,2012
1762161.6,SIMS,MAYWOOD PARK TROTTING ASSOCIATION - IT.,July,2012
373233.2,LIVE,"MAYWOOD PARK TROTTING ASSOCIATION, INC.",July,2012
346612.8,SIMS,"MAYWOOD PARK TROTTING ASSOCIATION, INC.",July,2012
90867.9,LIVE,QUAD CITY AT LOCKPORT - OTB,July,2012
353967.2,SIMS,QUAD CITY AT LOCKPORT - OTB,July,2012
138051.9,LIVE,QUAD CITY AT MCHENRY - OTB,July,2012
539070.6,SIMS,QUAD CITY AT MCHENRY - OTB,July,2012
164596.6,LIVE,QUAD CITY AT ROCKFORD - OTB,July,2012
649051.0,SIMS,QUAD CITY AT ROCKFORD - OTB,July,2012
59629.0,LIVE,QUAD CITY AT SOUTH BELOIT - OTB,July,2012
286546.0,SIMS,QUAD CITY AT SOUTH BELOIT - OTB,July,2012
121272.6,LIVE,QUAD CITY AT SOUTH ELGIN - OTB,July,2012
427541.9,SIMS,QUAD CITY AT SOUTH ELGIN - OTB,July,2012
105427.2,LIVE,"QUAD CITY DOWNS, INC. - IT.",July,2012
504347.4,SIMS,"QUAD CITY DOWNS, INC. - IT.",July,2012
1252050.4,LIVE,TWIN SPIRES/YOUBET,July,2012
4971768.2,SIMS,TWIN SPIRES/YOUBET,July,2012
420620.7,LIVE,TVG,July,2012
2585671.1,SIMS,TVG,July,2012
42225.6,LIVE,BETZOTIC,July,2012
116315.6,SIMS,BETZOTIC,July,2012
248478.6,LIVE,XPRESSBET,July,2012
1046799.3,SIMS,XPRESSBET,July,2012
530675.5,LIVE,"ARLINGTON AT CHICAGO, JOE'S BAR - OTB",August,2012
2153474.1,SIMS,"ARLINGTON AT CHICAGO, JOE'S BAR - OTB",August,2012
327065.0,LIVE,ARLINGTON AT HODGKINS - OTB,August,2012
1194480.6,SIMS,ARLINGTON AT HODGKINS - OTB,August,2012
118386.6,LIVE,ARLINGTON AT ORLAND HILLS - OTB,August,2012
433806.4,SIMS,ARLINGTON AT ORLAND HILLS - OTB,August,2012
189070.9,LIVE,ARLINGTON AT VILLA PARK - OTB,August,2012
724538.3,SIMS,ARLINGTON AT VILLA PARK - OTB,August,2012
347273.7,LIVE,ARLINGTON AT WAUKEGAN - OTB,August,2012
1563458.0,SIMS,ARLINGTON AT WAUKEGAN - OTB,August,2012
262831.1,LIVE,ARLINGTON PARK RACECOURSE - IT.,August,2012
1242871.8,SIMS,ARLINGTON PARK RACECOURSE - IT.,August,2012
9078842.1,LIVE,"ARLINGTON PARK RACECOURSE, LLC.",August,2012
4395725.7,SIMS,"ARLINGTON PARK RACECOURSE, LLC.",August,2012
69873.0,LIVE,BALMORAL AT CHAMPAIGN - OTB,August,2012
286409.5,SIMS,BALMORAL AT CHAMPAIGN - OTB,August,2012
517470.7,LIVE,BALMORAL AT CRESTWOOD - OTB,August,2012
1329776.4,SIMS,BALMORAL AT CRESTWOOD - OTB,August,2012
75589.3,LIVE,BALMORAL AT NORMAL - OTB,August,2012
277986.7,SIMS,BALMORAL AT NORMAL - OTB,August,2012
660385.4,LIVE,"BALMORAL RACING CLUB, INC.",August,2012
287212.0,SIMS,"BALMORAL RACING CLUB, INC.",August,2012
139548.7,LIVE,"BALMORAL RACING CLUB, INC. - IT.",August,2012
649753.3,SIMS,"BALMORAL RACING CLUB, INC. - IT.",August,2012
13710.0,LIVE,"BROWN COUNTY FAIR, MT. STERLING",August,2012
95148.5,LIVE,DEPT OF AGRICULTURE - DUQUOIN STATE FAIR,August,2012
389818.5,LIVE,DPT AGRICULTURE - SPRINGFIELD STATE FAIR,August,2012
76293.8,LIVE,FAIRMOUNT AT ALTON - OTB,August,2012
366973.1,SIMS,FAIRMOUNT AT ALTON - OTB,August,2012
163863.2,LIVE,FAIRMOUNT AT SAUGET - OTB,August,2012
717028.4,SIMS,FAIRMOUNT AT SAUGET - OTB,August,2012
95126.7,LIVE,FAIRMOUNT AT SPRINGFIELD - OTB,August,2012
304452.7,SIMS,FAIRMOUNT AT SPRINGFIELD - OTB,August,2012
1339365.2,LIVE,"FAIRMOUNT PARK, INC.",August,2012
367254.0,LIVE,"FAIRMOUNT PARK, INC. - IT.",August,2012
1903038.2,SIMS,"FAIRMOUNT PARK, INC. - IT.",August,2012
170335.8,LIVE,HAWTHORNE AT AURORA - OTB,August,2012
457907.6,SIMS,HAWTHORNE AT AURORA - OTB,August,2012
518618.8,LIVE,"HAWTHORNE AT CHICAGO, CORLISS - OTB",August,2012
1573463.5,SIMS,"HAWTHORNE AT CHICAGO, CORLISS - OTB",August,2012
193145.2,LIVE,HAWTHORNE AT GLENDALE HEIGHTS - OTB,August,2012
498593.9,SIMS,HAWTHORNE AT GLENDALE HEIGHTS - OTB,August,2012
259061.0,LIVE,HAWTHORNE AT JOLIET - OTB,August,2012
771187.3,SIMS,HAWTHORNE AT JOLIET - OTB,August,2012
231093.3,LIVE,HAWTHORNE AT MOKENA - OTB,August,2012
681572.4,SIMS,HAWTHORNE AT MOKENA - OTB,August,2012
111850.0,LIVE,HAWTHORNE AT PROSPECT HEIGHTS - OTB,August,2012
512828.3,SIMS,HAWTHORNE AT PROSPECT HEIGHTS - OTB,August,2012
815042.7,LIVE,"HAWTHORNE RACE COURSE, INC. - IT.",August,2012
2497228.3,SIMS,"HAWTHORNE RACE COURSE, INC. - IT.",August,2012
138105.6,LIVE,MAYWOOD AT ELK GROVE VILLAGE - OTB,August,2012
410520.5,SIMS,MAYWOOD AT ELK GROVE VILLAGE - OTB,August,2012
512670.0,LIVE,MAYWOOD AT NILES - OTB,August,2012
1762423.3,SIMS,MAYWOOD AT NILES - OTB,August,2012
107391.1,LIVE,MAYWOOD AT NORTH AURORA - OTB,August,2012
399645.4,SIMS,MAYWOOD AT NORTH AURORA - OTB,August,2012
516888.7,LIVE,MAYWOOD AT OAKBROOK - OTB,August,2012
1713610.9,SIMS,MAYWOOD AT OAKBROOK - OTB,August,2012
583279.3,LIVE,MAYWOOD PARK TROTTING ASSOCIATION - IT.,August,2012
2053194.0,SIMS,MAYWOOD PARK TROTTING ASSOCIATION - IT.,August,2012
447017.6,LIVE,"MAYWOOD PARK TROTTING ASSOCIATION, INC.",August,2012
409900.9,SIMS,"MAYWOOD PARK TROTTING ASSOCIATION, INC.",August,2012
95404.1,LIVE,QUAD CITY AT LOCKPORT - OTB,August,2012
330300.8,SIMS,QUAD CITY AT LOCKPORT - OTB,August,2012
164235.0,LIVE,QUAD CITY AT MCHENRY - OTB,August,2012
615053.9,SIMS,QUAD CITY AT MCHENRY - OTB,August,2012
177365.0,LIVE,QUAD CITY AT ROCKFORD - OTB,August,2012
676509.0,SIMS,QUAD CITY AT ROCKFORD - OTB,August,2012
46022.5,LIVE,QUAD CITY AT SOUTH BELOIT - OTB,August,2012
215024.4,SIMS,QUAD CITY AT SOUTH BELOIT - OTB,August,2012
149637.9,LIVE,QUAD CITY AT SOUTH ELGIN - OTB,August,2012
474581.6,SIMS,QUAD CITY AT SOUTH ELGIN - OTB,August,2012
121097.6,LIVE,"QUAD CITY DOWNS, INC. - IT.",August,2012
521692.3,SIMS,"QUAD CITY DOWNS, INC. - IT.",August,2012
1255643.3,LIVE,TWIN SPIRES/YOUBET,August,2012
4692618.2,SIMS,TWIN SPIRES/YOUBET,August,2012
464672.4,LIVE,TVG,August,2012
2820574.7,SIMS,TVG,August,2012
44751.6,LIVE,BETZOTIC,August,2012
96993.9,SIMS,BETZOTIC,August,2012
261405.8,LIVE,XPRESSBET,August,2012
1143508.6,SIMS,XPRESSBET,August,2012
447092.7,LIVE,"ARLINGTON AT CHICAGO, JOE'S BAR - OTB",September,2012
1833949.5,SIMS,"ARLINGTON AT CHICAGO, JOE'S BAR - OTB",September,2012
296828.5,LIVE,ARLINGTON AT HODGKINS - OTB,September,2012
1064252.8,SIMS,ARLINGTON AT HODGKINS - OTB,September,2012
114129.9,LIVE,ARLINGTON AT ORLAND HILLS - OTB,September,2012
345038.0,SIMS,ARLINGTON AT ORLAND HILLS - OTB,September,2012
195749.2,LIVE,ARLINGTON AT VILLA PARK - OTB,September,2012
728676.8,SIMS,ARLINGTON AT VILLA PARK - OTB,September,2012
312597.2,LIVE,ARLINGTON AT WAUKEGAN - OTB,September,2012
1409692.3,SIMS,ARLINGTON AT WAUKEGAN - OTB,September,2012
214847.4,LIVE,ARLINGTON PARK RACECOURSE - IT.,September,2012
815280.5,SIMS,ARLINGTON PARK RACECOURSE - IT.,September,2012
5734787.7,LIVE,"ARLINGTON PARK RACECOURSE, LLC.",September,2012
3381480.2,SIMS,"ARLINGTON PARK RACECOURSE, LLC.",September,2012
56072.7,LIVE,BALMORAL AT CHAMPAIGN - OTB,September,2012
266704.6,SIMS,BALMORAL AT CHAMPAIGN - OTB,September,2012
484442.0,LIVE,BALMORAL AT CRESTWOOD - OTB,September,2012
1173973.2,SIMS,BALMORAL AT CRESTWOOD - OTB,September,2012
60785.1,LIVE,BALMORAL AT NORMAL - OTB,September,2012
214159.8,SIMS,BALMORAL AT NORMAL - OTB,September,2012
905170.0,LIVE,"BALMORAL RACING CLUB, INC.",September,2012
295016.0,SIMS,"BALMORAL RACING CLUB, INC.",September,2012
113267.5,LIVE,"BALMORAL RACING CLUB, INC. - IT.",September,2012
513380.0,SIMS,"BALMORAL RACING CLUB, INC. - IT.",September,2012
56821.8,LIVE,FAIRMOUNT AT ALTON - OTB,September,2012
299636.6,SIMS,FAIRMOUNT AT ALTON - OTB,September,2012
128462.2,LIVE,FAIRMOUNT AT SAUGET - OTB,September,2012
638265.3,SIMS,FAIRMOUNT AT SAUGET - OTB,September,2012
65259.9,LIVE,FAIRMOUNT AT SPRINGFIELD - OTB,September,2012
245641.6,SIMS,FAIRMOUNT AT SPRINGFIELD - OTB,September,2012
813851.4,LIVE,"FAIRMOUNT PARK, INC.",September,2012
292397.7,LIVE,"FAIRMOUNT PARK, INC. - IT.",September,2012
1577904.2,SIMS,"FAIRMOUNT PARK, INC. - IT.",September,2012
149402.7,LIVE,HAWTHORNE AT AURORA - OTB,September,2012
396829.3,SIMS,HAWTHORNE AT AURORA - OTB,September,2012
502848.9,LIVE,"HAWTHORNE AT CHICAGO, CORLISS - OTB",September,2012
1446551.3,SIMS,"HAWTHORNE AT CHICAGO, CORLISS - OTB",September,2012
160760.2,LIVE,HAWTHORNE AT GLENDALE HEIGHTS - OTB,September,2012
416936.4,SIMS,HAWTHORNE AT GLENDALE HEIGHTS - OTB,September,2012
225756.0,LIVE,HAWTHORNE AT JOLIET - OTB,September,2012
643939.9,SIMS,HAWTHORNE AT JOLIET - OTB,September,2012
186245.9,LIVE,HAWTHORNE AT MOKENA - OTB,September,2012
499335.5,SIMS,HAWTHORNE AT MOKENA - OTB,September,2012
103018.1,LIVE,HAWTHORNE AT PROSPECT HEIGHTS - OTB,September,2012
384673.9,SIMS,HAWTHORNE AT PROSPECT HEIGHTS - OTB,September,2012
800109.9,LIVE,"HAWTHORNE RACE COURSE, INC. - IT.",September,2012
2039686.9,SIMS,"HAWTHORNE RACE COURSE, INC. - IT.",September,2012
111933.5,LIVE,MAYWOOD AT ELK GROVE VILLAGE - OTB,September,2012
296602.7,SIMS,MAYWOOD AT ELK GROVE VILLAGE - OTB,September,2012
440964.9,LIVE,MAYWOOD AT NILES - OTB,September,2012
1491244.1,SIMS,MAYWOOD AT NILES - OTB,September,2012
89061.9,LIVE,MAYWOOD AT NORTH AURORA - OTB,September,2012
360219.6,SIMS,MAYWOOD AT NORTH AURORA - OTB,September,2012
475192.4,LIVE,MAYWOOD AT OAKBROOK - OTB,September,2012
1549914.5,SIMS,MAYWOOD AT OAKBROOK - OTB,September,2012
538489.4,LIVE,MAYWOOD PARK TROTTING ASSOCIATION - IT.,September,2012
1765864.0,SIMS,MAYWOOD PARK TROTTING ASSOCIATION - IT.,September,2012
339687.8,LIVE,"MAYWOOD PARK TROTTING ASSOCIATION, INC.",September,2012
248594.8,SIMS,"MAYWOOD PARK TROTTING ASSOCIATION, INC.",September,2012
80926.3,LIVE,QUAD CITY AT LOCKPORT - OTB,September,2012
284320.2,SIMS,QUAD CITY AT LOCKPORT - OTB,September,2012
137437.9,LIVE,QUAD CITY AT MCHENRY - OTB,September,2012
468765.2,SIMS,QUAD CITY AT MCHENRY - OTB,September,2012
151446.9,LIVE,QUAD CITY AT ROCKFORD - OTB,September,2012
582705.7,SIMS,QUAD CITY AT ROCKFORD - OTB,September,2012
118488.1,LIVE,QUAD CITY AT SOUTH ELGIN - OTB,September,2012
405698.0,SIMS,QUAD CITY AT SOUTH ELGIN - OTB,September,2012
117855.0,LIVE,"QUAD CITY DOWNS, INC. - IT.",September,2012
476886.2,SIMS,"QUAD CITY DOWNS, INC. - IT.",September,2012
1088312.4,LIVE,TWIN SPIRES/YOUBET,September,2012
3507806.3,SIMS,TWIN SPIRES/YOUBET,September,2012
439228.4,LIVE,TVG,September,2012
2372644.7,SIMS,TVG,September,2012
54384.9,LIVE,BETZOTIC,September,2012
81845.2,SIMS,BETZOTIC,September,2012
217092.0,LIVE,XPRESSBET,September,2012
903050.9,SIMS,XPRESSBET,September,2012
375435.6,LIVE,"ARLINGTON AT CHICAGO, JOE'S BAR - OTB",October,2012
1893090.1,SIMS,"ARLINGTON AT CHICAGO, JOE'S BAR - OTB",October,2012
214478.3,LIVE,ARLINGTON AT HODGKINS - OTB,October,2012
994487.7,SIMS,ARLINGTON AT HODGKINS - OTB,October,2012
95376.8,LIVE,ARLINGTON AT ORLAND HILLS - OTB,October,2012
346596.6,SIMS,ARLINGTON AT ORLAND HILLS - OTB,October,2012
143663.2,LIVE,ARLINGTON AT VILLA PARK - OTB,October,2012
826191.0,SIMS,ARLINGTON AT VILLA PARK - OTB,October,2012
235557.4,LIVE,ARLINGTON AT WAUKEGAN - OTB,October,2012
1417676.9,SIMS,ARLINGTON AT WAUKEGAN - OTB,October,2012
689186.3,LIVE,ARLINGTON PARK RACECOURSE - IT.,October,2012
3180891.1,SIMS,ARLINGTON PARK RACECOURSE - IT.,October,2012
39152.9,LIVE,BALMORAL AT CHAMPAIGN - OTB,October,2012
239001.5,SIMS,BALMORAL AT CHAMPAIGN - OTB,October,2012
437464.9,LIVE,BALMORAL AT CRESTWOOD - OTB,October,2012
1348653.4,SIMS,BALMORAL AT CRESTWOOD - OTB,October,2012
46086.8,LIVE,BALMORAL AT NORMAL - OTB,October,2012
228330.6,SIMS,BALMORAL AT NORMAL - OTB,October,2012
561781.2,LIVE,"BALMORAL RACING CLUB, INC.",October,2012
242414.9,SIMS,"BALMORAL RACING CLUB, INC.",October,2012
101519.4,LIVE,"BALMORAL RACING CLUB, INC. - IT.",October,2012
596251.0,SIMS,"BALMORAL RACING CLUB, INC. - IT.",October,2012
46384.3,LIVE,FAIRMOUNT AT ALTON - OTB,October,2012
310935.0,SIMS,FAIRMOUNT AT ALTON - OTB,October,2012
91647.1,LIVE,FAIRMOUNT AT SAUGET - OTB,October,2012
599021.5,SIMS,FAIRMOUNT AT SAUGET - OTB,October,2012
55817.6,LIVE,FAIRMOUNT AT SPRINGFIELD - OTB,October,2012
262194.0,SIMS,FAIRMOUNT AT SPRINGFIELD - OTB,October,2012
211695.5,LIVE,"FAIRMOUNT PARK, INC. - IT.",October,2012
1326340.1,SIMS,"FAIRMOUNT PARK, INC. - IT.",October,2012
121280.0,LIVE,HAWTHORNE AT AURORA - OTB,October,2012
452371.6,SIMS,HAWTHORNE AT AURORA - OTB,October,2012
436056.8,LIVE,"HAWTHORNE AT CHICAGO, CORLISS - OTB",October,2012
1407160.3,SIMS,"HAWTHORNE AT CHICAGO, CORLISS - OTB",October,2012
133292.4,LIVE,HAWTHORNE AT GLENDALE HEIGHTS - OTB,October,2012
525668.3,SIMS,HAWTHORNE AT GLENDALE HEIGHTS - OTB,October,2012
209591.6,LIVE,HAWTHORNE AT JOLIET - OTB,October,2012
713677.6,SIMS,HAWTHORNE AT JOLIET - OTB,October,2012
176136.0,LIVE,HAWTHORNE AT MOKENA - OTB,October,2012
563188.0,SIMS,HAWTHORNE AT MOKENA - OTB,October,2012
109124.6,LIVE,HAWTHORNE AT PROSPECT HEIGHTS - OTB,October,2012
528082.3,SIMS,HAWTHORNE AT PROSPECT HEIGHTS - OTB,October,2012
1558085.3,LIVE,"HAWTHORNE RACE COURSE, INC.",October,2012
2442465.0,SIMS,"HAWTHORNE RACE COURSE, INC.",October,2012
179359.0,LIVE,"HAWTHORNE RACE COURSE, INC. - IT.",October,2012
523549.7,SIMS,"HAWTHORNE RACE COURSE, INC. - IT.",October,2012
92581.5,LIVE,MAYWOOD AT ELK GROVE VILLAGE - OTB,October,2012
294568.0,SIMS,MAYWOOD AT ELK GROVE VILLAGE - OTB,October,2012
340509.8,LIVE,MAYWOOD AT NILES - OTB,October,2012
1488413.3,SIMS,MAYWOOD AT NILES - OTB,October,2012
76515.7,LIVE,MAYWOOD AT NORTH AURORA - OTB,October,2012
350012.9,SIMS,MAYWOOD AT NORTH AURORA - OTB,October,2012
360427.8,LIVE,MAYWOOD AT OAKBROOK - OTB,October,2012
1660710.5,SIMS,MAYWOOD AT OAKBROOK - OTB,October,2012
426838.6,LIVE,MAYWOOD PARK TROTTING ASSOCIATION - IT.,October,2012
1818527.35,SIMS,MAYWOOD PARK TROTTING ASSOCIATION - IT.,October,2012
341878.9,LIVE,"MAYWOOD PARK TROTTING ASSOCIATION, INC.",October,2012
280335.7,SIMS,"MAYWOOD PARK TROTTING ASSOCIATION, INC.",October,2012
77722.1,LIVE,QUAD CITY AT LOCKPORT - OTB,October,2012
339003.9,SIMS,QUAD CITY AT LOCKPORT - OTB,October,2012
87469.0,LIVE,QUAD CITY AT MCHENRY - OTB,October,2012
520628.9,SIMS,QUAD CITY AT MCHENRY - OTB,October,2012
121992.7,LIVE,QUAD CITY AT ROCKFORD - OTB,October,2012
601724.6,SIMS,QUAD CITY AT ROCKFORD - OTB,October,2012
93905.4,LIVE,QUAD CITY AT SOUTH ELGIN - OTB,October,2012
456006.0,SIMS,QUAD CITY AT SOUTH ELGIN - OTB,October,2012
99379.3,LIVE,"QUAD CITY DOWNS, INC. - IT.",October,2012
548493.8,SIMS,"QUAD CITY DOWNS, INC. - IT.",October,2012
677154.3,LIVE,TWIN SPIRES/YOUBET,October,2012
3931733.7,SIMS,TWIN SPIRES/YOUBET,October,2012
398282.6,LIVE,TVG,October,2012
2587304.3,SIMS,TVG,October,2012
54324.5,LIVE,BETZOTIC,October,2012
72010.7,SIMS,BETZOTIC,October,2012
166146.6,LIVE,XPRESSBET,October,2012
908185.1,SIMS,XPRESSBET,October,2012
381695.5,LIVE,"ARLINGTON AT CHICAGO, JOE'S BAR - OTB",November,2012
1884289.6,SIMS,"ARLINGTON AT CHICAGO, JOE'S BAR - OTB",November,2012
228767.7,LIVE,ARLINGTON AT HODGKINS - OTB,November,2012
1176485.7,SIMS,ARLINGTON AT HODGKINS - OTB,November,2012
107751.7,LIVE,ARLINGTON AT ORLAND HILLS - OTB,November,2012
467529.7,SIMS,ARLINGTON AT ORLAND HILLS - OTB,November,2012
135641.4,LIVE,ARLINGTON AT VILLA PARK - OTB,November,2012
765431.4,SIMS,ARLINGTON AT VILLA PARK - OTB,November,2012
241814.8,LIVE,ARLINGTON AT WAUKEGAN - OTB,November,2012
1613754.4,SIMS,ARLINGTON AT WAUKEGAN - OTB,November,2012
732724.8,LIVE,ARLINGTON PARK RACECOURSE - IT.,November,2012
3927819.6,SIMS,ARLINGTON PARK RACECOURSE - IT.,November,2012
47058.1,LIVE,BALMORAL AT CHAMPAIGN - OTB,November,2012
300885.3,SIMS,BALMORAL AT CHAMPAIGN - OTB,November,2012
429431.2,LIVE,BALMORAL AT CRESTWOOD - OTB,November,2012
1382618.2,SIMS,BALMORAL AT CRESTWOOD - OTB,November,2012
49522.5,LIVE,BALMORAL AT NORMAL - OTB,November,2012
295211.9,SIMS,BALMORAL AT NORMAL - OTB,November,2012
639481.4,LIVE,"BALMORAL RACING CLUB, INC.",November,2012
237213.3,SIMS,"BALMORAL RACING CLUB, INC.",November,2012
105279.2,LIVE,"BALMORAL RACING CLUB, INC. - IT.",November,2012
661955.2,SIMS,"BALMORAL RACING CLUB, INC. - IT.",November,2012
52262.4,LIVE,FAIRMOUNT AT ALTON - OTB,November,2012
389200.4,SIMS,FAIRMOUNT AT ALTON - OTB,November,2012
100733.0,LIVE,FAIRMOUNT AT SAUGET - OTB,November,2012
686950.3,SIMS,FAIRMOUNT AT SAUGET - OTB,November,2012
57960.6,LIVE,FAIRMOUNT AT SPRINGFIELD - OTB,November,2012
322043.8,SIMS,FAIRMOUNT AT SPRINGFIELD - OTB,November,2012
292936.0,LIVE,"FAIRMOUNT PARK, INC. - IT.",November,2012
1873750.9,SIMS,"FAIRMOUNT PARK, INC. - IT.",November,2012
124971.8,LIVE,HAWTHORNE AT AURORA - OTB,November,2012
508059.8,SIMS,HAWTHORNE AT AURORA - OTB,November,2012
423710.1,LIVE,"HAWTHORNE AT CHICAGO, CORLISS - OTB",November,2012
1392833.4,SIMS,"HAWTHORNE AT CHICAGO, CORLISS - OTB",November,2012
131664.9,LIVE,HAWTHORNE AT GLENDALE HEIGHTS - OTB,November,2012
526602.4,SIMS,HAWTHORNE AT GLENDALE HEIGHTS - OTB,November,2012
183108.8,LIVE,HAWTHORNE AT JOLIET - OTB,November,2012
696450.3,SIMS,HAWTHORNE AT JOLIET - OTB,November,2012
172728.9,LIVE,HAWTHORNE AT MOKENA - OTB,November,2012
585089.8,SIMS,HAWTHORNE AT MOKENA - OTB,November,2012
85763.2,LIVE,HAWTHORNE AT PROSPECT HEIGHTS - OTB,November,2012
462361.1,SIMS,HAWTHORNE AT PROSPECT HEIGHTS - OTB,November,2012
1504059.0,LIVE,"HAWTHORNE RACE COURSE, INC.",November,2012
2696617.65,SIMS,"HAWTHORNE RACE COURSE, INC.",November,2012
184684.2,LIVE,"HAWTHORNE RACE COURSE, INC. - IT.",November,2012
653120.6,SIMS,"HAWTHORNE RACE COURSE, INC. - IT.",November,2012
104604.7,LIVE,MAYWOOD AT ELK GROVE VILLAGE - OTB,November,2012
334733.0,SIMS,MAYWOOD AT ELK GROVE VILLAGE - OTB,November,2012
31809.1,LIVE,MAYWOOD AT HOFFMAN ESTATES - OTB,November,2012
159802.4,SIMS,MAYWOOD AT HOFFMAN ESTATES - OTB,November,2012
52766.4,LIVE,MAYWOOD AT LOCKPORT - OTB,November,2012
235954.9,SIMS,MAYWOOD AT LOCKPORT - OTB,November,2012
358540.7,LIVE,MAYWOOD AT NILES - OTB,November,2012
1700988.7,SIMS,MAYWOOD AT NILES - OTB,November,2012
81050.9,LIVE,MAYWOOD AT NORTH AURORA - OTB,November,2012
455297.4,SIMS,MAYWOOD AT NORTH AURORA - OTB,November,2012
388440.7,LIVE,MAYWOOD AT OAKBROOK - OTB,November,2012
1774593.0,SIMS,MAYWOOD AT OAKBROOK - OTB,November,2012
474909.1,LIVE,MAYWOOD PARK TROTTING ASSOCIATION - IT.,November,2012
1942782.1,SIMS,MAYWOOD PARK TROTTING ASSOCIATION - IT.,November,2012
460935.6,LIVE,"MAYWOOD PARK TROTTING ASSOCIATION, INC.",November,2012
395975.7,SIMS,"MAYWOOD PARK TROTTING ASSOCIATION, INC.",November,2012
17191.7,LIVE,QUAD CITY AT LOCKPORT - OTB,November,2012
108706.0,SIMS,QUAD CITY AT LOCKPORT - OTB,November,2012
112710.0,LIVE,QUAD CITY AT MCHENRY - OTB,November,2012
643744.3,SIMS,QUAD CITY AT MCHENRY - OTB,November,2012
142073.7,LIVE,QUAD CITY AT ROCKFORD - OTB,November,2012
790748.6,SIMS,QUAD CITY AT ROCKFORD - OTB,November,2012
99368.9,LIVE,QUAD CITY AT SOUTH ELGIN - OTB,November,2012
540674.8,SIMS,QUAD CITY AT SOUTH ELGIN - OTB,November,2012
105318.2,LIVE,"QUAD CITY DOWNS, INC. - IT.",November,2012
576080.1,SIMS,"QUAD CITY DOWNS, INC. - IT.",November,2012
672538.3,LIVE,TWIN SPIRES/YOUBET,November,2012
4658243.0,SIMS,TWIN SPIRES/YOUBET,November,2012
383982.1,LIVE,TVG,November,2012
3371205.3,SIMS,TVG,November,2012
55826.3,LIVE,BETZOTIC,November,2012
72984.0,SIMS,BETZOTIC,November,2012
197757.9,LIVE,XPRESSBET,November,2012
1166278.0,SIMS,XPRESSBET,November,2012
420653.8,LIVE,"ARLINGTON AT CHICAGO, JOE'S BAR - OTB",December,2012
1862314.5,SIMS,"ARLINGTON AT CHICAGO, JOE'S BAR - OTB",December,2012
266096.4,LIVE,ARLINGTON AT HODGKINS - OTB,December,2012
1216961.3,SIMS,ARLINGTON AT HODGKINS - OTB,December,2012
116880.3,LIVE,ARLINGTON AT ORLAND HILLS - OTB,December,2012
339491.9,SIMS,ARLINGTON AT ORLAND HILLS - OTB,December,2012
140437.7,LIVE,ARLINGTON AT VILLA PARK - OTB,December,2012
698950.7,SIMS,ARLINGTON AT VILLA PARK - OTB,December,2012
214798.2,LIVE,ARLINGTON AT WAUKEGAN - OTB,December,2012
1377426.0,SIMS,ARLINGTON AT WAUKEGAN - OTB,December,2012
692250.6,LIVE,ARLINGTON PARK RACECOURSE - IT.,December,2012
3449956.0,SIMS,ARLINGTON PARK RACECOURSE - IT.,December,2012
42293.6,LIVE,BALMORAL AT CHAMPAIGN - OTB,December,2012
293206.1,SIMS,BALMORAL AT CHAMPAIGN - OTB,December,2012
460925.3,LIVE,BALMORAL AT CRESTWOOD - OTB,December,2012
1242645.3,SIMS,BALMORAL AT CRESTWOOD - OTB,December,2012
52045.7,LIVE,BALMORAL AT NORMAL - OTB,December,2012
262747.9,SIMS,BALMORAL AT NORMAL - OTB,December,2012
656331.5,LIVE,"BALMORAL RACING CLUB, INC.",December,2012
258380.3,SIMS,"BALMORAL RACING CLUB, INC.",December,2012
92761.3,LIVE,"BALMORAL RACING CLUB, INC. - IT.",December,2012
549924.0,SIMS,"BALMORAL RACING CLUB, INC. - IT.",December,2012
47300.1,LIVE,FAIRMOUNT AT ALTON - OTB,December,2012
331217.1,SIMS,FAIRMOUNT AT ALTON - OTB,December,2012
104691.7,LIVE,FAIRMOUNT AT SAUGET - OTB,December,2012
615486.0,SIMS,FAIRMOUNT AT SAUGET - OTB,December,2012
55898.9,LIVE,FAIRMOUNT AT SPRINGFIELD - OTB,December,2012
303195.7,SIMS,FAIRMOUNT AT SPRINGFIELD - OTB,December,2012
270624.9,LIVE,"FAIRMOUNT PARK, INC. - IT.",December,2012
1540718.6,SIMS,"FAIRMOUNT PARK, INC. - IT.",December,2012
131866.1,LIVE,HAWTHORNE AT AURORA - OTB,December,2012
458222.15,SIMS,HAWTHORNE AT AURORA - OTB,December,2012
435974.2,LIVE,"HAWTHORNE AT CHICAGO, CORLISS - OTB",December,2012
1418943.4,SIMS,"HAWTHORNE AT CHICAGO, CORLISS - OTB",December,2012
182595.7,LIVE,HAWTHORNE AT GLENDALE HEIGHTS - OTB,December,2012
602688.2,SIMS,HAWTHORNE AT GLENDALE HEIGHTS - OTB,December,2012
219836.7,LIVE,HAWTHORNE AT JOLIET - OTB,December,2012
711140.15,SIMS,HAWTHORNE AT JOLIET - OTB,December,2012
185046.0,LIVE,HAWTHORNE AT MOKENA - OTB,December,2012
610644.3,SIMS,HAWTHORNE AT MOKENA - OTB,December,2012
74224.2,LIVE,HAWTHORNE AT PROSPECT HEIGHTS - OTB,December,2012
363826.7,SIMS,HAWTHORNE AT PROSPECT HEIGHTS - OTB,December,2012
1362702.2,LIVE,"HAWTHORNE RACE COURSE, INC.",December,2012
2419344.7,SIMS,"HAWTHORNE RACE COURSE, INC.",December,2012
194876.7,LIVE,"HAWTHORNE RACE COURSE, INC. - IT.",December,2012
503992.2,SIMS,"HAWTHORNE RACE COURSE, INC. - IT.",December,2012
11294.1,LIVE,MAYWOOD AT ELK GROVE VILLAGE - OTB,December,2012
41598.8,SIMS,MAYWOOD AT ELK GROVE VILLAGE - OTB,December,2012
48082.4,LIVE,MAYWOOD AT HOFFMAN ESTATES - OTB,December,2012
237727.3,SIMS,MAYWOOD AT HOFFMAN ESTATES - OTB,December,2012
78449.2,LIVE,MAYWOOD AT LOCKPORT - OTB,December,2012
285230.2,SIMS,MAYWOOD AT LOCKPORT - OTB,December,2012
369328.7,LIVE,MAYWOOD AT NILES - OTB,December,2012
1630907.4,SIMS,MAYWOOD AT NILES - OTB,December,2012
74803.0,LIVE,MAYWOOD AT NORTH AURORA - OTB,December,2012
334203.6,SIMS,MAYWOOD AT NORTH AURORA - OTB,December,2012
429276.6,LIVE,MAYWOOD AT OAKBROOK - OTB,December,2012
1772522.3,SIMS,MAYWOOD AT OAKBROOK - OTB,December,2012
465079.1,LIVE,MAYWOOD PARK TROTTING ASSOCIATION - IT.,December,2012
1881066.3,SIMS,MAYWOOD PARK TROTTING ASSOCIATION - IT.,December,2012
347470.6,LIVE,"MAYWOOD PARK TROTTING ASSOCIATION, INC.",December,2012
301682.0,SIMS,"MAYWOOD PARK TROTTING ASSOCIATION, INC.",December,2012
96758.3,LIVE,QUAD CITY AT MCHENRY - OTB,December,2012
510512.0,SIMS,QUAD CITY AT MCHENRY - OTB,December,2012
157661.7,LIVE,QUAD CITY AT ROCKFORD - OTB,December,2012
708999.7,SIMS,QUAD CITY AT ROCKFORD - OTB,December,2012
87182.9,LIVE,QUAD CITY AT SOUTH ELGIN - OTB,December,2012
387248.1,SIMS,QUAD CITY AT SOUTH ELGIN - OTB,December,2012
110787.5,LIVE,"QUAD CITY DOWNS, INC. - IT.",December,2012
493276.3,SIMS,"QUAD CITY DOWNS, INC. - IT.",December,2012
686226.0,LIVE,TWIN SPIRES/YOUBET,December,2012
3882871.4,SIMS,TWIN SPIRES/YOUBET,December,2012
373294.7,LIVE,TVG,December,2012
2985639.0,SIMS,TVG,December,2012
69648.7,LIVE,BETZOTIC,December,2012
80964.9,SIMS,BETZOTIC,December,2012
180826.7,LIVE,XPRESSBET,December,2012
957635.4,SIMS,XPRESSBET,December,2012
